operation_id,method,path,class,anonymous,authenticated,viewer,member,analyst,manager,admin,owner,tenant_admin,global_admin,mfa_required,cross_tenant,invalid_payload,not_found,rate_limit,audit,ledger_effect,multipart,raw_body,feature,permission,min_role,kinds,expected,observed,layer_reached,status,evidence
post_v1_access_check,POST,/v1/access/check,usuario_sem_organizacao,no,yes,yes,yes,yes,yes,yes,yes,yes,yes,no,system,schema_422,n/a,no,no,no,no,no,,,,,responde sem erro de servidor; recusa quem a classe não autoriza,422 recusou o corpo incompleto,handler executado,PASS,docs/execution/TEST_EVIDENCE.md
get_v1_admin_agreements,GET,/v1/admin/agreements,plataforma_com_permissao,no,no,no,no,no,no,no,no,no,perm,yes,system,n/a,n/a,no,no,no,no,no,,billing.read,,,responde sem erro de servidor; recusa quem a classe não autoriza,200 respondeu,handler executado,PASS,docs/execution/TEST_EVIDENCE.md
post_v1_admin_agreements,POST,/v1/admin/agreements,plataforma,no,no,no,no,no,no,no,no,no,yes,yes,system,schema_422,n/a,no,yes,no,no,no,,,,,responde sem erro de servidor; recusa quem a classe não autoriza,422 recusou o corpo incompleto,recusada pelo schema antes do handler,PASS,docs/execution/TEST_EVIDENCE.md
post_v1_admin_agreements_agreement_id_action,POST,/v1/admin/agreements/{agreement_id}/action,plataforma,no,no,no,no,no,no,no,no,no,yes,yes,system,schema_422,404,no,yes,no,no,no,,,,,responde sem erro de servidor; recusa quem a classe não autoriza,422 recusou o corpo incompleto,recusada pelo schema antes do handler,PASS,docs/execution/TEST_EVIDENCE.md
get_v1_admin_agreements_agreement_id_members,GET,/v1/admin/agreements/{agreement_id}/members,plataforma,no,no,no,no,no,no,no,no,no,yes,yes,system,n/a,404,no,no,no,no,no,,,,,responde sem erro de servidor; recusa quem a classe não autoriza,200 respondeu,handler executado,PASS,docs/execution/TEST_EVIDENCE.md
post_v1_admin_agreements_agreement_id_members_org_id_revoke,POST,/v1/admin/agreements/{agreement_id}/members/{org_id}/revoke,plataforma,no,no,no,no,no,no,no,no,no,yes,yes,system,schema_422,404,no,yes,no,no,no,,,,,responde sem erro de servidor; recusa quem a classe não autoriza,422 recusou o corpo incompleto,recusada pelo schema antes do handler,PASS,docs/execution/TEST_EVIDENCE.md
get_v1_admin_ai,GET,/v1/admin/ai,plataforma_com_permissao,no,no,no,no,no,no,no,no,no,perm,yes,system,n/a,n/a,no,yes,no,no,no,,metrics.read,,,responde sem erro de servidor; recusa quem a classe não autoriza,200 respondeu,handler executado,PASS,docs/execution/TEST_EVIDENCE.md
get_v1_admin_ai_cost,GET,/v1/admin/ai/cost,plataforma_com_permissao,no,no,no,no,no,no,no,no,no,perm,yes,system,schema_422,n/a,no,no,no,no,no,,finance.read,,,responde sem erro de servidor; recusa quem a classe não autoriza,200 respondeu,handler executado,PASS,docs/execution/TEST_EVIDENCE.md
get_v1_admin_ai_credit-orders,GET,/v1/admin/ai/credit-orders,plataforma_com_permissao,no,no,no,no,no,no,no,no,no,perm,yes,system,schema_422,n/a,no,no,no,no,no,,billing.read,,,responde sem erro de servidor; recusa quem a classe não autoriza,200 respondeu,handler executado,PASS,docs/execution/TEST_EVIDENCE.md
post_v1_admin_ai_credit-orders_order_id_approve-pilot,POST,/v1/admin/ai/credit-orders/{order_id}/approve-pilot,plataforma_com_permissao,no,no,no,no,no,no,no,no,no,perm,yes,system,schema_422,404,no,no,no,no,no,,billing.write,,,responde sem erro de servidor; recusa quem a classe não autoriza,422 recusou o corpo incompleto,recusada pelo schema antes do handler,PASS,docs/execution/TEST_EVIDENCE.md
post_v1_admin_ai_credit-orders_order_id_confirm,POST,/v1/admin/ai/credit-orders/{order_id}/confirm,plataforma_com_permissao,no,no,no,no,no,no,no,no,no,perm,yes,system,schema_422,404,no,no,no,no,no,,billing.write,,,responde sem erro de servidor; recusa quem a classe não autoriza,422 recusou o corpo incompleto,recusada pelo schema antes do handler,PASS,docs/execution/TEST_EVIDENCE.md
post_v1_admin_ai_credit-packs,POST,/v1/admin/ai/credit-packs,plataforma_com_permissao,no,no,no,no,no,no,no,no,no,perm,yes,system,schema_422,n/a,no,yes,no,no,no,,finance.approve,,,responde sem erro de servidor; recusa quem a classe não autoriza,422 recusou o corpo incompleto,recusada pelo schema antes do handler,PASS,docs/execution/TEST_EVIDENCE.md
get_v1_admin_ai_disputes,GET,/v1/admin/ai/disputes,plataforma_com_permissao,no,no,no,no,no,no,no,no,no,perm,yes,system,schema_422,n/a,no,no,no,no,no,,support.read,,,responde sem erro de servidor; recusa quem a classe não autoriza,200 respondeu,handler executado,PASS,docs/execution/TEST_EVIDENCE.md
post_v1_admin_ai_disputes_dispute_id_review,POST,/v1/admin/ai/disputes/{dispute_id}/review,plataforma_com_permissao,no,no,no,no,no,no,no,no,no,perm,yes,system,schema_422,404,no,yes,no,no,no,,support.write,,,responde sem erro de servidor; recusa quem a classe não autoriza,422 recusou o corpo incompleto,recusada pelo schema antes do handler,PASS,docs/execution/TEST_EVIDENCE.md
get_v1_admin_ai_finance,GET,/v1/admin/ai/finance,plataforma_com_permissao,no,no,no,no,no,no,no,no,no,perm,yes,system,n/a,n/a,no,no,no,no,no,,finance.read,,,responde sem erro de servidor; recusa quem a classe não autoriza,200 respondeu,handler executado,PASS,docs/execution/TEST_EVIDENCE.md
post_v1_admin_ai_operations,POST,/v1/admin/ai/operations,plataforma_com_permissao,no,no,no,no,no,no,no,no,no,perm,yes,system,schema_422,n/a,no,yes,no,no,no,,finance.approve,,,responde sem erro de servidor; recusa quem a classe não autoriza,422 recusou o corpo incompleto,recusada pelo schema antes do handler,PASS,docs/execution/TEST_EVIDENCE.md
post_v1_admin_ai_prices,POST,/v1/admin/ai/prices,plataforma_com_permissao,no,no,no,no,no,no,no,no,no,perm,yes,system,schema_422,n/a,no,no,no,no,no,,finance.write,,,responde sem erro de servidor; recusa quem a classe não autoriza,422 recusou o corpo incompleto,recusada pelo schema antes do handler,PASS,docs/execution/TEST_EVIDENCE.md
get_v1_admin_ai_prompts_prompt_key,GET,/v1/admin/ai/prompts/{prompt_key},plataforma_com_permissao,no,no,no,no,no,no,no,no,no,perm,yes,system,n/a,404,no,no,no,no,no,,metrics.read,,,responde sem erro de servidor; recusa quem a classe não autoriza,404 não encontrou o objeto inexistente informado,handler executado,PASS,docs/execution/TEST_EVIDENCE.md
put_v1_admin_ai_quota-policies_key,PUT,/v1/admin/ai/quota-policies/{key},plataforma_com_permissao,no,no,no,no,no,no,no,no,no,perm,yes,system,schema_422,404,no,yes,no,no,no,,finance.approve,,,responde sem erro de servidor; recusa quem a classe não autoriza,422 recusou o corpo incompleto,recusada pelo schema antes do handler,PASS,docs/execution/TEST_EVIDENCE.md
get_v1_admin_audit,GET,/v1/admin/audit,plataforma_com_permissao,no,no,no,no,no,no,no,no,no,perm,yes,system,schema_422,n/a,no,yes,no,no,no,,security.audit.read,,,responde sem erro de servidor; recusa quem a classe não autoriza,200 respondeu,handler executado,PASS,docs/execution/TEST_EVIDENCE.md
post_v1_admin_audit_export,POST,/v1/admin/audit/export,plataforma_com_permissao,no,no,no,no,no,no,no,no,no,perm,yes,system,schema_422,n/a,no,yes,no,no,no,,security.audit.export,,,responde sem erro de servidor; recusa quem a classe não autoriza,200 respondeu,handler executado,PASS,docs/execution/TEST_EVIDENCE.md
get_v1_admin_audit_timeline,GET,/v1/admin/audit/timeline,plataforma_com_permissao,no,no,no,no,no,no,no,no,no,perm,yes,system,schema_422,n/a,no,yes,no,no,no,,security.audit.read,,,responde sem erro de servidor; recusa quem a classe não autoriza,422 recusou o corpo incompleto,recusada pelo schema antes do handler,PASS,docs/execution/TEST_EVIDENCE.md
get_v1_admin_audit_trail,GET,/v1/admin/audit/trail,plataforma_com_permissao,no,no,no,no,no,no,no,no,no,perm,yes,system,schema_422,n/a,no,yes,no,no,no,,security.audit.read,,,responde sem erro de servidor; recusa quem a classe não autoriza,422 recusou o corpo incompleto,recusada pelo schema antes do handler,PASS,docs/execution/TEST_EVIDENCE.md
get_v1_admin_audit_verify,GET,/v1/admin/audit/verify,plataforma,no,no,no,no,no,no,no,no,no,yes,yes,system,schema_422,n/a,no,no,no,no,no,,,,,responde sem erro de servidor; recusa quem a classe não autoriza,200 respondeu,handler executado,PASS,docs/execution/TEST_EVIDENCE.md
get_v1_admin_billing_organizations_org_id,GET,/v1/admin/billing/organizations/{org_id},plataforma_com_permissao,no,no,no,no,no,no,no,no,no,perm,yes,system,n/a,404,no,no,no,no,no,,billing.read,,,responde sem erro de servidor; recusa quem a classe não autoriza,200 respondeu,handler executado,PASS,docs/execution/TEST_EVIDENCE.md
get_v1_admin_call-sources,GET,/v1/admin/call-sources,plataforma,no,no,no,no,no,no,no,no,no,yes,yes,system,n/a,n/a,no,no,no,no,no,,,,,responde sem erro de servidor; recusa quem a classe não autoriza,200 respondeu,handler executado,PASS,docs/execution/TEST_EVIDENCE.md
post_v1_admin_call-sources,POST,/v1/admin/call-sources,plataforma,no,no,no,no,no,no,no,no,no,yes,yes,system,schema_422,n/a,no,yes,no,no,no,,,,,responde sem erro de servidor; recusa quem a classe não autoriza,422 recusou o corpo incompleto,recusada pelo schema antes do handler,PASS,docs/execution/TEST_EVIDENCE.md
post_v1_admin_call-sources_source_id_run,POST,/v1/admin/call-sources/{source_id}/run,plataforma,no,no,no,no,no,no,no,no,no,yes,yes,system,n/a,404,no,yes,no,no,no,,,,,responde sem erro de servidor; recusa quem a classe não autoriza,404 não encontrou o objeto inexistente informado,handler executado,PASS,docs/execution/TEST_EVIDENCE.md
post_v1_admin_calls,POST,/v1/admin/calls,plataforma,no,no,no,no,no,no,no,no,no,yes,yes,system,schema_422,n/a,no,yes,no,no,no,,,,,responde sem erro de servidor; recusa quem a classe não autoriza,422 recusou o corpo incompleto,recusada pelo schema antes do handler,PASS,docs/execution/TEST_EVIDENCE.md
post_v1_admin_calls_call_id_status,POST,/v1/admin/calls/{call_id}/status,plataforma,no,no,no,no,no,no,no,no,no,yes,yes,system,schema_422,404,no,yes,no,no,no,,,,,responde sem erro de servidor; recusa quem a classe não autoriza,422 recusou o corpo incompleto,recusada pelo schema antes do handler,PASS,docs/execution/TEST_EVIDENCE.md
post_v1_admin_calls_call_id_verify,POST,/v1/admin/calls/{call_id}/verify,plataforma,no,no,no,no,no,no,no,no,no,yes,yes,system,n/a,404,no,yes,no,no,no,,,,,responde sem erro de servidor; recusa quem a classe não autoriza,200 respondeu,handler executado,PASS,docs/execution/TEST_EVIDENCE.md
post_v1_admin_commercial_offers,POST,/v1/admin/commercial/offers,plataforma_com_permissao,no,no,no,no,no,no,no,no,no,perm,yes,system,schema_422,n/a,60/3600s,yes,no,no,no,,finance.approve,,,responde sem erro de servidor; recusa quem a classe não autoriza,422 recusou o corpo incompleto,recusada pelo schema antes do handler,PASS,docs/execution/TEST_EVIDENCE.md
get_v1_admin_compliance-reviews,GET,/v1/admin/compliance-reviews,plataforma_com_permissao,no,no,no,no,no,no,no,no,no,perm,yes,system,schema_422,n/a,no,no,no,no,no,,compliance.read,,,responde sem erro de servidor; recusa quem a classe não autoriza,200 respondeu,handler executado,PASS,docs/execution/TEST_EVIDENCE.md
post_v1_admin_compliance-reviews_review_id_decide,POST,/v1/admin/compliance-reviews/{review_id}/decide,plataforma,no,no,no,no,no,no,no,no,no,yes,yes,system,schema_422,404,no,no,no,no,no,,,,,responde sem erro de servidor; recusa quem a classe não autoriza,422 recusou o corpo incompleto,recusada pelo schema antes do handler,PASS,docs/execution/TEST_EVIDENCE.md
post_v1_admin_content_article-versions_id_transition,POST,/v1/admin/content/article-versions/{id}/transition,plataforma,no,no,no,no,no,no,no,no,no,yes,yes,system,schema_422,404,no,no,no,no,no,,,,,responde sem erro de servidor; recusa quem a classe não autoriza,422 recusou o corpo incompleto,recusada pelo schema antes do handler,PASS,docs/execution/TEST_EVIDENCE.md
put_v1_admin_content_article-versions_version_id,PUT,/v1/admin/content/article-versions/{version_id},plataforma,no,no,no,no,no,no,no,no,no,yes,yes,system,schema_422,404,no,no,no,no,no,,,,,responde sem erro de servidor; recusa quem a classe não autoriza,422 recusou o corpo incompleto,recusada pelo schema antes do handler,PASS,docs/execution/TEST_EVIDENCE.md
get_v1_admin_content_articles,GET,/v1/admin/content/articles,plataforma,no,no,no,no,no,no,no,no,no,yes,yes,system,schema_422,n/a,no,no,no,no,no,,,,,responde sem erro de servidor; recusa quem a classe não autoriza,200 respondeu,handler executado,PASS,docs/execution/TEST_EVIDENCE.md
post_v1_admin_content_articles,POST,/v1/admin/content/articles,plataforma,no,no,no,no,no,no,no,no,no,yes,yes,system,schema_422,n/a,no,yes,no,no,no,,,,,responde sem erro de servidor; recusa quem a classe não autoriza,422 recusou o corpo incompleto,recusada pelo schema antes do handler,PASS,docs/execution/TEST_EVIDENCE.md
get_v1_admin_content_articles_slug,GET,/v1/admin/content/articles/{slug},plataforma,no,no,no,no,no,no,no,no,no,yes,yes,system,n/a,404,no,no,no,no,no,,,,,responde sem erro de servidor; recusa quem a classe não autoriza,404 não encontrou o objeto inexistente informado,handler executado,PASS,docs/execution/TEST_EVIDENCE.md
patch_v1_admin_content_articles_slug,PATCH,/v1/admin/content/articles/{slug},plataforma,no,no,no,no,no,no,no,no,no,yes,yes,system,schema_422,404,no,yes,no,no,no,,,,,responde sem erro de servidor; recusa quem a classe não autoriza,422 recusou o corpo incompleto,handler executado,PASS,docs/execution/TEST_EVIDENCE.md
post_v1_admin_content_articles_slug_versions,POST,/v1/admin/content/articles/{slug}/versions,plataforma,no,no,no,no,no,no,no,no,no,yes,yes,system,schema_422,404,no,no,no,no,no,,,,,responde sem erro de servidor; recusa quem a classe não autoriza,422 recusou o corpo incompleto,recusada pelo schema antes do handler,PASS,docs/execution/TEST_EVIDENCE.md
post_v1_admin_content_categories,POST,/v1/admin/content/categories,plataforma,no,no,no,no,no,no,no,no,no,yes,yes,system,schema_422,n/a,no,yes,no,no,no,,,,,responde sem erro de servidor; recusa quem a classe não autoriza,422 recusou o corpo incompleto,recusada pelo schema antes do handler,PASS,docs/execution/TEST_EVIDENCE.md
post_v1_admin_content_citations,POST,/v1/admin/content/citations,plataforma,no,no,no,no,no,no,no,no,no,yes,yes,system,schema_422,n/a,no,yes,no,no,no,,,,,responde sem erro de servidor; recusa quem a classe não autoriza,422 recusou o corpo incompleto,recusada pelo schema antes do handler,PASS,docs/execution/TEST_EVIDENCE.md
get_v1_admin_content_citations_object_type_object_id,GET,/v1/admin/content/citations/{object_type}/{object_id},plataforma,no,no,no,no,no,no,no,no,no,yes,yes,system,n/a,404,no,no,no,no,no,,,,,responde sem erro de servidor; recusa quem a classe não autoriza,404 não encontrou o objeto inexistente informado,handler executado,PASS,docs/execution/TEST_EVIDENCE.md
get_v1_admin_content_courses,GET,/v1/admin/content/courses,plataforma,no,no,no,no,no,no,no,no,no,yes,yes,system,schema_422,n/a,no,no,no,no,no,,,,,responde sem erro de servidor; recusa quem a classe não autoriza,200 respondeu,handler executado,PASS,docs/execution/TEST_EVIDENCE.md
post_v1_admin_content_courses,POST,/v1/admin/content/courses,plataforma,no,no,no,no,no,no,no,no,no,yes,yes,system,schema_422,n/a,no,yes,no,no,no,,,,,responde sem erro de servidor; recusa quem a classe não autoriza,422 recusou o corpo incompleto,recusada pelo schema antes do handler,PASS,docs/execution/TEST_EVIDENCE.md
put_v1_admin_content_courses_id,PUT,/v1/admin/content/courses/{id},plataforma,no,no,no,no,no,no,no,no,no,yes,yes,system,schema_422,404,no,no,no,no,no,,,,,responde sem erro de servidor; recusa quem a classe não autoriza,422 recusou o corpo incompleto,recusada pelo schema antes do handler,PASS,docs/execution/TEST_EVIDENCE.md
post_v1_admin_content_courses_id_transition,POST,/v1/admin/content/courses/{id}/transition,plataforma,no,no,no,no,no,no,no,no,no,yes,yes,system,schema_422,404,no,no,no,no,no,,,,,responde sem erro de servidor; recusa quem a classe não autoriza,422 recusou o corpo incompleto,recusada pelo schema antes do handler,PASS,docs/execution/TEST_EVIDENCE.md
post_v1_admin_content_events,POST,/v1/admin/content/events,plataforma,no,no,no,no,no,no,no,no,no,yes,yes,system,schema_422,n/a,no,yes,no,no,no,,,,,responde sem erro de servidor; recusa quem a classe não autoriza,422 recusou o corpo incompleto,recusada pelo schema antes do handler,PASS,docs/execution/TEST_EVIDENCE.md
patch_v1_admin_content_events_id,PATCH,/v1/admin/content/events/{id},plataforma,no,no,no,no,no,no,no,no,no,yes,yes,system,schema_422,404,no,yes,no,no,no,,,,,responde sem erro de servidor; recusa quem a classe não autoriza,404 não encontrou o objeto inexistente informado,handler executado,PASS,docs/execution/TEST_EVIDENCE.md
post_v1_admin_content_events_id_attendance,POST,/v1/admin/content/events/{id}/attendance,plataforma,no,no,no,no,no,no,no,no,no,yes,yes,system,schema_422,404,no,no,no,no,no,,,,,responde sem erro de servidor; recusa quem a classe não autoriza,422 recusou o corpo incompleto,recusada pelo schema antes do handler,PASS,docs/execution/TEST_EVIDENCE.md
post_v1_admin_content_events_id_recording-to-resource,POST,/v1/admin/content/events/{id}/recording-to-resource,plataforma,no,no,no,no,no,no,no,no,no,yes,yes,system,n/a,404,no,no,no,no,no,,,,,responde sem erro de servidor; recusa quem a classe não autoriza,409 recusou pelo estado atual,handler executado,PASS,docs/execution/TEST_EVIDENCE.md
get_v1_admin_content_events_id_registrations,GET,/v1/admin/content/events/{id}/registrations,plataforma,no,no,no,no,no,no,no,no,no,yes,yes,system,n/a,404,no,no,no,no,no,,,,,responde sem erro de servidor; recusa quem a classe não autoriza,200 respondeu,handler executado,PASS,docs/execution/TEST_EVIDENCE.md
post_v1_admin_content_events_id_transition,POST,/v1/admin/content/events/{id}/transition,plataforma,no,no,no,no,no,no,no,no,no,yes,yes,system,schema_422,404,no,no,no,no,no,,,,,responde sem erro de servidor; recusa quem a classe não autoriza,422 recusou o corpo incompleto,recusada pelo schema antes do handler,PASS,docs/execution/TEST_EVIDENCE.md
get_v1_admin_content_faqs,GET,/v1/admin/content/faqs,plataforma,no,no,no,no,no,no,no,no,no,yes,yes,system,schema_422,n/a,no,no,no,no,no,,,,,responde sem erro de servidor; recusa quem a classe não autoriza,200 respondeu,handler executado,PASS,docs/execution/TEST_EVIDENCE.md
post_v1_admin_content_faqs,POST,/v1/admin/content/faqs,plataforma,no,no,no,no,no,no,no,no,no,yes,yes,system,schema_422,n/a,no,no,no,no,no,,,,,responde sem erro de servidor; recusa quem a classe não autoriza,422 recusou o corpo incompleto,recusada pelo schema antes do handler,PASS,docs/execution/TEST_EVIDENCE.md
put_v1_admin_content_faqs_id,PUT,/v1/admin/content/faqs/{id},plataforma,no,no,no,no,no,no,no,no,no,yes,yes,system,schema_422,404,no,no,no,no,no,,,,,responde sem erro de servidor; recusa quem a classe não autoriza,422 recusou o corpo incompleto,recusada pelo schema antes do handler,PASS,docs/execution/TEST_EVIDENCE.md
post_v1_admin_content_faqs_id_transition,POST,/v1/admin/content/faqs/{id}/transition,plataforma,no,no,no,no,no,no,no,no,no,yes,yes,system,schema_422,404,no,no,no,no,no,,,,,responde sem erro de servidor; recusa quem a classe não autoriza,422 recusou o corpo incompleto,recusada pelo schema antes do handler,PASS,docs/execution/TEST_EVIDENCE.md
get_v1_admin_content_history_object_type_object_id,GET,/v1/admin/content/history/{object_type}/{object_id},plataforma,no,no,no,no,no,no,no,no,no,yes,yes,system,n/a,404,no,no,no,no,no,,,,,responde sem erro de servidor; recusa quem a classe não autoriza,404 não encontrou o objeto inexistente informado,handler executado,PASS,docs/execution/TEST_EVIDENCE.md
get_v1_admin_content_overview,GET,/v1/admin/content/overview,plataforma_com_permissao,no,no,no,no,no,no,no,no,no,perm,yes,system,n/a,n/a,no,no,no,no,no,,content.read,,,responde sem erro de servidor; recusa quem a classe não autoriza,200 respondeu,handler executado,PASS,docs/execution/TEST_EVIDENCE.md
post_v1_admin_content_paths,POST,/v1/admin/content/paths,plataforma,no,no,no,no,no,no,no,no,no,yes,yes,system,schema_422,n/a,no,no,no,no,no,,,,,responde sem erro de servidor; recusa quem a classe não autoriza,422 recusou o corpo incompleto,recusada pelo schema antes do handler,PASS,docs/execution/TEST_EVIDENCE.md
post_v1_admin_content_paths_id_transition,POST,/v1/admin/content/paths/{id}/transition,plataforma,no,no,no,no,no,no,no,no,no,yes,yes,system,schema_422,404,no,no,no,no,no,,,,,responde sem erro de servidor; recusa quem a classe não autoriza,422 recusou o corpo incompleto,recusada pelo schema antes do handler,PASS,docs/execution/TEST_EVIDENCE.md
get_v1_admin_content_resources,GET,/v1/admin/content/resources,plataforma,no,no,no,no,no,no,no,no,no,yes,yes,system,schema_422,n/a,no,no,no,no,no,,,,,responde sem erro de servidor; recusa quem a classe não autoriza,200 respondeu,handler executado,PASS,docs/execution/TEST_EVIDENCE.md
post_v1_admin_content_resources,POST,/v1/admin/content/resources,plataforma,no,no,no,no,no,no,no,no,no,yes,yes,system,schema_422,n/a,no,yes,no,no,no,,,,,responde sem erro de servidor; recusa quem a classe não autoriza,422 recusou o corpo incompleto,recusada pelo schema antes do handler,PASS,docs/execution/TEST_EVIDENCE.md
put_v1_admin_content_resources_id,PUT,/v1/admin/content/resources/{id},plataforma,no,no,no,no,no,no,no,no,no,yes,yes,system,schema_422,404,no,no,no,no,no,,,,,responde sem erro de servidor; recusa quem a classe não autoriza,422 recusou o corpo incompleto,recusada pelo schema antes do handler,PASS,docs/execution/TEST_EVIDENCE.md
post_v1_admin_content_resources_id_new-version,POST,/v1/admin/content/resources/{id}/new-version,plataforma,no,no,no,no,no,no,no,no,no,yes,yes,system,schema_422,404,no,no,no,no,no,,,,,responde sem erro de servidor; recusa quem a classe não autoriza,422 recusou o corpo incompleto,recusada pelo schema antes do handler,PASS,docs/execution/TEST_EVIDENCE.md
post_v1_admin_content_resources_id_transition,POST,/v1/admin/content/resources/{id}/transition,plataforma,no,no,no,no,no,no,no,no,no,yes,yes,system,schema_422,404,no,no,no,no,no,,,,,responde sem erro de servidor; recusa quem a classe não autoriza,422 recusou o corpo incompleto,recusada pelo schema antes do handler,PASS,docs/execution/TEST_EVIDENCE.md
post_v1_admin_content_sources,POST,/v1/admin/content/sources,plataforma,no,no,no,no,no,no,no,no,no,yes,yes,system,schema_422,n/a,no,yes,no,no,no,,,,,responde sem erro de servidor; recusa quem a classe não autoriza,422 recusou o corpo incompleto,recusada pelo schema antes do handler,PASS,docs/execution/TEST_EVIDENCE.md
post_v1_admin_content_sources_key_retract,POST,/v1/admin/content/sources/{key}/retract,plataforma,no,no,no,no,no,no,no,no,no,yes,yes,system,schema_422,404,no,yes,no,no,no,,,,,responde sem erro de servidor; recusa quem a classe não autoriza,422 recusou o corpo incompleto,recusada pelo schema antes do handler,PASS,docs/execution/TEST_EVIDENCE.md
post_v1_admin_content_sources_key_verify,POST,/v1/admin/content/sources/{key}/verify,plataforma,no,no,no,no,no,no,no,no,no,yes,yes,system,schema_422,404,no,yes,no,no,no,,,,,responde sem erro de servidor; recusa quem a classe não autoriza,422 recusou o corpo incompleto,recusada pelo schema antes do handler,PASS,docs/execution/TEST_EVIDENCE.md
get_v1_admin_content_work-items,GET,/v1/admin/content/work-items,plataforma,no,no,no,no,no,no,no,no,no,yes,yes,system,schema_422,n/a,no,no,no,no,no,,,,,responde sem erro de servidor; recusa quem a classe não autoriza,200 respondeu,handler executado,PASS,docs/execution/TEST_EVIDENCE.md
post_v1_admin_content_work-items_sweep,POST,/v1/admin/content/work-items/sweep,plataforma,no,no,no,no,no,no,no,no,no,yes,yes,system,n/a,n/a,no,yes,no,no,no,,,,,responde sem erro de servidor; recusa quem a classe não autoriza,200 respondeu,handler executado,PASS,docs/execution/TEST_EVIDENCE.md
post_v1_admin_content_work-items_item,POST,/v1/admin/content/work-items/{item},plataforma,no,no,no,no,no,no,no,no,no,yes,yes,system,schema_422,404,no,yes,no,no,no,,,,,responde sem erro de servidor; recusa quem a classe não autoriza,422 recusou o corpo incompleto,recusada pelo schema antes do handler,PASS,docs/execution/TEST_EVIDENCE.md
post_v1_admin_content_obj_type_id_reviewed,POST,/v1/admin/content/{obj_type}/{id}/reviewed,plataforma,no,no,no,no,no,no,no,no,no,yes,yes,system,schema_422,404,no,yes,no,no,no,,,,,responde sem erro de servidor; recusa quem a classe não autoriza,404 não encontrou o objeto inexistente informado,handler executado,PASS,docs/execution/TEST_EVIDENCE.md
post_v1_admin_content_object_type_object_id_retract,POST,/v1/admin/content/{object_type}/{object_id}/retract,plataforma,no,no,no,no,no,no,no,no,no,yes,yes,system,schema_422,404,no,yes,no,no,no,,,,,responde sem erro de servidor; recusa quem a classe não autoriza,422 recusou o corpo incompleto,recusada pelo schema antes do handler,PASS,docs/execution/TEST_EVIDENCE.md
get_v1_admin_contribution-models,GET,/v1/admin/contribution-models,plataforma,no,no,no,no,no,no,no,no,no,yes,yes,system,n/a,n/a,no,no,no,no,no,,,,,responde sem erro de servidor; recusa quem a classe não autoriza,200 respondeu,handler executado,PASS,docs/execution/TEST_EVIDENCE.md
post_v1_admin_contribution-models_model_id_decide,POST,/v1/admin/contribution-models/{model_id}/decide,plataforma,no,no,no,no,no,no,no,no,no,yes,yes,system,schema_422,404,no,yes,no,no,no,,,,,responde sem erro de servidor; recusa quem a classe não autoriza,422 recusou o corpo incompleto,recusada pelo schema antes do handler,PASS,docs/execution/TEST_EVIDENCE.md
get_v1_admin_credentials,GET,/v1/admin/credentials,plataforma,no,no,no,no,no,no,no,no,no,yes,yes,system,schema_422,n/a,no,no,no,no,no,,,,,responde sem erro de servidor; recusa quem a classe não autoriza,200 respondeu,handler executado,PASS,docs/execution/TEST_EVIDENCE.md
post_v1_admin_credentials_credential_id_verify,POST,/v1/admin/credentials/{credential_id}/verify,plataforma,no,no,no,no,no,no,no,no,no,yes,yes,system,schema_422,404,no,yes,no,no,no,,,,,responde sem erro de servidor; recusa quem a classe não autoriza,422 recusou o corpo incompleto,recusada pelo schema antes do handler,PASS,docs/execution/TEST_EVIDENCE.md
post_v1_admin_datasets,POST,/v1/admin/datasets,plataforma,no,no,no,no,no,no,no,no,no,yes,yes,system,schema_422,n/a,no,yes,no,no,no,,,,,responde sem erro de servidor; recusa quem a classe não autoriza,422 recusou o corpo incompleto,recusada pelo schema antes do handler,PASS,docs/execution/TEST_EVIDENCE.md
get_v1_admin_encryption_keys,GET,/v1/admin/encryption/keys,plataforma_com_permissao,no,no,no,no,no,no,no,no,no,perm,yes,system,n/a,n/a,no,no,no,no,no,,security.keys.read,,,responde sem erro de servidor; recusa quem a classe não autoriza,200 respondeu,handler executado,PASS,docs/execution/TEST_EVIDENCE.md
post_v1_admin_encryption_keys,POST,/v1/admin/encryption/keys,plataforma_com_permissao,no,no,no,no,no,no,no,no,no,perm,yes,system,schema_422,n/a,no,yes,no,no,no,,security.keys.write,,,responde sem erro de servidor; recusa quem a classe não autoriza,422 recusou o corpo incompleto,recusada pelo schema antes do handler,PASS,docs/execution/TEST_EVIDENCE.md
post_v1_admin_encryption_reencrypt,POST,/v1/admin/encryption/reencrypt,plataforma,no,no,no,no,no,no,no,no,no,yes,yes,system,schema_422,n/a,no,yes,no,no,no,,,,,responde sem erro de servidor; recusa quem a classe não autoriza,422 recusou o corpo incompleto,recusada pelo schema antes do handler,PASS,docs/execution/TEST_EVIDENCE.md
get_v1_admin_enforcement,GET,/v1/admin/enforcement,plataforma,no,no,no,no,no,no,no,no,no,yes,yes,system,schema_422,n/a,no,no,no,no,no,,,,,responde sem erro de servidor; recusa quem a classe não autoriza,200 respondeu,handler executado,PASS,docs/execution/TEST_EVIDENCE.md
post_v1_admin_enforcement,POST,/v1/admin/enforcement,plataforma,no,no,no,no,no,no,no,no,no,yes,yes,system,schema_422,n/a,no,yes,no,no,no,,,,,responde sem erro de servidor; recusa quem a classe não autoriza,422 recusou o corpo incompleto,recusada pelo schema antes do handler,PASS,docs/execution/TEST_EVIDENCE.md
get_v1_admin_enforcement_history,GET,/v1/admin/enforcement/history,plataforma,no,no,no,no,no,no,no,no,no,yes,yes,system,schema_422,n/a,no,no,no,no,no,,,,,responde sem erro de servidor; recusa quem a classe não autoriza,422 recusou o corpo incompleto,handler executado,PASS,docs/execution/TEST_EVIDENCE.md
post_v1_admin_enforcement_action_id_appeal-decision,POST,/v1/admin/enforcement/{action_id}/appeal-decision,plataforma,no,no,no,no,no,no,no,no,no,yes,yes,system,schema_422,404,no,yes,no,no,no,,,,,responde sem erro de servidor; recusa quem a classe não autoriza,422 recusou o corpo incompleto,recusada pelo schema antes do handler,PASS,docs/execution/TEST_EVIDENCE.md
post_v1_admin_enforcement_action_id_lift,POST,/v1/admin/enforcement/{action_id}/lift,plataforma,no,no,no,no,no,no,no,no,no,yes,yes,system,schema_422,404,no,yes,no,no,no,,,,,responde sem erro de servidor; recusa quem a classe não autoriza,422 recusou o corpo incompleto,recusada pelo schema antes do handler,PASS,docs/execution/TEST_EVIDENCE.md
post_v1_admin_equity_denominators,POST,/v1/admin/equity/denominators,plataforma,no,no,no,no,no,no,no,no,no,yes,yes,system,schema_422,n/a,no,no,no,no,no,,,,,responde sem erro de servidor; recusa quem a classe não autoriza,422 recusou o corpo incompleto,recusada pelo schema antes do handler,PASS,docs/execution/TEST_EVIDENCE.md
get_v1_admin_errors,GET,/v1/admin/errors,plataforma_com_permissao,no,no,no,no,no,no,no,no,no,perm,yes,system,schema_422,n/a,no,no,no,no,no,,maintenance.read,,,responde sem erro de servidor; recusa quem a classe não autoriza,200 respondeu,handler executado,PASS,docs/execution/TEST_EVIDENCE.md
post_v1_admin_errors_error_id_resolve,POST,/v1/admin/errors/{error_id}/resolve,plataforma_com_permissao,no,no,no,no,no,no,no,no,no,perm,yes,system,n/a,404,no,yes,no,no,no,,maintenance.execute,,,responde sem erro de servidor; recusa quem a classe não autoriza,404 não encontrou o objeto inexistente informado,handler executado,PASS,docs/execution/TEST_EVIDENCE.md
post_v1_admin_fee-tables,POST,/v1/admin/fee-tables,plataforma,no,no,no,no,no,no,no,no,no,yes,yes,system,schema_422,n/a,no,yes,no,no,no,,,,,responde sem erro de servidor; recusa quem a classe não autoriza,422 recusou o corpo incompleto,recusada pelo schema antes do handler,PASS,docs/execution/TEST_EVIDENCE.md
post_v1_admin_fee-tables_table_id_items,POST,/v1/admin/fee-tables/{table_id}/items,plataforma,no,no,no,no,no,no,no,no,no,yes,yes,system,schema_422,404,no,no,no,no,no,,,,,responde sem erro de servidor; recusa quem a classe não autoriza,422 recusou o corpo incompleto,recusada pelo schema antes do handler,PASS,docs/execution/TEST_EVIDENCE.md
post_v1_admin_fee-tables_table_id_publish,POST,/v1/admin/fee-tables/{table_id}/publish,plataforma,no,no,no,no,no,no,no,no,no,yes,yes,system,n/a,404,no,yes,no,no,no,,,,,responde sem erro de servidor; recusa quem a classe não autoriza,404 não encontrou o objeto inexistente informado,handler executado,PASS,docs/execution/TEST_EVIDENCE.md
get_v1_admin_fiscal-rules,GET,/v1/admin/fiscal-rules,plataforma_com_permissao,no,no,no,no,no,no,no,no,no,perm,yes,system,n/a,n/a,no,no,no,no,no,,fiscal.read,,,responde sem erro de servidor; recusa quem a classe não autoriza,200 respondeu,handler executado,PASS,docs/execution/TEST_EVIDENCE.md
post_v1_admin_fiscal-rules,POST,/v1/admin/fiscal-rules,plataforma,no,no,no,no,no,no,no,no,no,yes,yes,system,schema_422,n/a,no,yes,no,no,no,,,,,responde sem erro de servidor; recusa quem a classe não autoriza,422 recusou o corpo incompleto,recusada pelo schema antes do handler,PASS,docs/execution/TEST_EVIDENCE.md
post_v1_admin_fiscal-rules_rule_id_action,POST,/v1/admin/fiscal-rules/{rule_id}/action,plataforma,no,no,no,no,no,no,no,no,no,yes,yes,system,schema_422,404,no,yes,no,no,no,,,,,responde sem erro de servidor; recusa quem a classe não autoriza,422 recusou o corpo incompleto,recusada pelo schema antes do handler,PASS,docs/execution/TEST_EVIDENCE.md
get_v1_admin_flags,GET,/v1/admin/flags,plataforma_com_permissao,no,no,no,no,no,no,no,no,no,perm,yes,system,n/a,n/a,no,no,no,no,no,,maintenance.read,,,responde sem erro de servidor; recusa quem a classe não autoriza,200 respondeu,handler executado,PASS,docs/execution/TEST_EVIDENCE.md
put_v1_admin_flags_key,PUT,/v1/admin/flags/{key},plataforma_com_permissao,no,no,no,no,no,no,no,no,no,perm,yes,system,schema_422,404,no,yes,no,no,no,,maintenance.execute,,,responde sem erro de servidor; recusa quem a classe não autoriza,422 recusou o corpo incompleto,recusada pelo schema antes do handler,PASS,docs/execution/TEST_EVIDENCE.md
get_v1_admin_free-periods,GET,/v1/admin/free-periods,plataforma_com_permissao,no,no,no,no,no,no,no,no,no,perm,yes,system,n/a,n/a,no,no,no,no,no,,billing.read,,,responde sem erro de servidor; recusa quem a classe não autoriza,200 respondeu,handler executado,PASS,docs/execution/TEST_EVIDENCE.md
post_v1_admin_free-periods,POST,/v1/admin/free-periods,plataforma_com_permissao,no,no,no,no,no,no,no,no,no,perm,yes,system,schema_422,n/a,no,yes,no,no,no,,free_period.write,,,responde sem erro de servidor; recusa quem a classe não autoriza,422 recusou o corpo incompleto,recusada pelo schema antes do handler,PASS,docs/execution/TEST_EVIDENCE.md
post_v1_admin_free-periods_period_id_cancel,POST,/v1/admin/free-periods/{period_id}/cancel,plataforma_com_permissao,no,no,no,no,no,no,no,no,no,perm,yes,system,schema_422,404,no,yes,no,no,no,,free_period.write,,,responde sem erro de servidor; recusa quem a classe não autoriza,422 recusou o corpo incompleto,recusada pelo schema antes do handler,PASS,docs/execution/TEST_EVIDENCE.md
post_v1_admin_funding-quotas_pledges_pledge_id_confirm,POST,/v1/admin/funding-quotas/pledges/{pledge_id}/confirm,plataforma,no,no,no,no,no,no,no,no,no,yes,yes,system,schema_422,404,no,yes,no,no,no,,,,,responde sem erro de servidor; recusa quem a classe não autoriza,422 recusou o corpo incompleto,recusada pelo schema antes do handler,PASS,docs/execution/TEST_EVIDENCE.md
post_v1_admin_grants_grant_id_revoke,POST,/v1/admin/grants/{grant_id}/revoke,plataforma,no,no,no,no,no,no,no,no,no,yes,yes,system,schema_422,404,no,yes,no,no,no,,,,,responde sem erro de servidor; recusa quem a classe não autoriza,422 recusou o corpo incompleto,recusada pelo schema antes do handler,PASS,docs/execution/TEST_EVIDENCE.md
get_v1_admin_hub_analytics,GET,/v1/admin/hub/analytics,plataforma,no,no,no,no,no,no,no,no,no,yes,yes,system,n/a,n/a,no,no,no,no,no,,,,,responde sem erro de servidor; recusa quem a classe não autoriza,200 respondeu,handler executado,PASS,docs/execution/TEST_EVIDENCE.md
post_v1_admin_hub_certificates_code_revoke,POST,/v1/admin/hub/certificates/{code}/revoke,plataforma,no,no,no,no,no,no,no,no,no,yes,yes,system,schema_422,404,no,yes,no,no,no,,,,,responde sem erro de servidor; recusa quem a classe não autoriza,422 recusou o corpo incompleto,recusada pelo schema antes do handler,PASS,docs/execution/TEST_EVIDENCE.md
get_v1_admin_hub_demo-requests,GET,/v1/admin/hub/demo-requests,plataforma,no,no,no,no,no,no,no,no,no,yes,yes,system,schema_422,n/a,no,no,no,no,no,,,,,responde sem erro de servidor; recusa quem a classe não autoriza,200 respondeu,handler executado,PASS,docs/execution/TEST_EVIDENCE.md
post_v1_admin_hub_demo-requests_id_handle,POST,/v1/admin/hub/demo-requests/{id}/handle,plataforma,no,no,no,no,no,no,no,no,no,yes,yes,system,schema_422,404,no,yes,no,no,no,,,,,responde sem erro de servidor; recusa quem a classe não autoriza,422 recusou o corpo incompleto,recusada pelo schema antes do handler,PASS,docs/execution/TEST_EVIDENCE.md
get_v1_admin_hub_newsletter,GET,/v1/admin/hub/newsletter,plataforma,no,no,no,no,no,no,no,no,no,yes,yes,system,n/a,n/a,no,no,no,no,no,,,,,responde sem erro de servidor; recusa quem a classe não autoriza,200 respondeu,handler executado,PASS,docs/execution/TEST_EVIDENCE.md
post_v1_admin_hub_newsletter_dispatch,POST,/v1/admin/hub/newsletter/dispatch,plataforma,no,no,no,no,no,no,no,no,no,yes,yes,system,n/a,n/a,no,yes,no,no,no,,,,,responde sem erro de servidor; recusa quem a classe não autoriza,200 respondeu,handler executado,PASS,docs/execution/TEST_EVIDENCE.md
get_v1_admin_hub_partnerships,GET,/v1/admin/hub/partnerships,plataforma,no,no,no,no,no,no,no,no,no,yes,yes,system,schema_422,n/a,no,no,no,no,no,,,,,responde sem erro de servidor; recusa quem a classe não autoriza,200 respondeu,handler executado,PASS,docs/execution/TEST_EVIDENCE.md
get_v1_admin_hub_partnerships_id,GET,/v1/admin/hub/partnerships/{id},plataforma,no,no,no,no,no,no,no,no,no,yes,yes,system,n/a,404,no,no,no,no,no,,,,,responde sem erro de servidor; recusa quem a classe não autoriza,404 não encontrou o objeto inexistente informado,handler executado,PASS,docs/execution/TEST_EVIDENCE.md
post_v1_admin_hub_partnerships_id_move,POST,/v1/admin/hub/partnerships/{id}/move,plataforma,no,no,no,no,no,no,no,no,no,yes,yes,system,schema_422,404,no,yes,no,no,no,,,,,responde sem erro de servidor; recusa quem a classe não autoriza,422 recusou o corpo incompleto,recusada pelo schema antes do handler,PASS,docs/execution/TEST_EVIDENCE.md
post_v1_admin_hub_partnerships_id_notes,POST,/v1/admin/hub/partnerships/{id}/notes,plataforma,no,no,no,no,no,no,no,no,no,yes,yes,system,schema_422,404,no,no,no,no,no,,,,,responde sem erro de servidor; recusa quem a classe não autoriza,422 recusou o corpo incompleto,recusada pelo schema antes do handler,PASS,docs/execution/TEST_EVIDENCE.md
get_v1_admin_institutional_agreements,GET,/v1/admin/institutional/agreements,plataforma,no,no,no,no,no,no,no,no,no,yes,yes,system,schema_422,n/a,no,no,no,no,no,,,,,responde sem erro de servidor; recusa quem a classe não autoriza,200 respondeu,handler executado,PASS,docs/execution/TEST_EVIDENCE.md
post_v1_admin_institutional_agreements_agreement_id_decide,POST,/v1/admin/institutional/agreements/{agreement_id}/decide,plataforma,no,no,no,no,no,no,no,no,no,yes,yes,system,schema_422,404,no,yes,no,no,no,,,,,responde sem erro de servidor; recusa quem a classe não autoriza,422 recusou o corpo incompleto,recusada pelo schema antes do handler,PASS,docs/execution/TEST_EVIDENCE.md
get_v1_admin_institutional_catalog,GET,/v1/admin/institutional/catalog,plataforma,no,no,no,no,no,no,no,no,no,yes,yes,system,schema_422,n/a,no,no,no,no,no,,,,,responde sem erro de servidor; recusa quem a classe não autoriza,200 respondeu,handler executado,PASS,docs/execution/TEST_EVIDENCE.md
post_v1_admin_institutional_catalog,POST,/v1/admin/institutional/catalog,plataforma,no,no,no,no,no,no,no,no,no,yes,yes,system,schema_422,n/a,no,yes,no,no,no,,,,,responde sem erro de servidor; recusa quem a classe não autoriza,422 recusou o corpo incompleto,recusada pelo schema antes do handler,PASS,docs/execution/TEST_EVIDENCE.md
post_v1_admin_institutional_catalog_item_id_action,POST,/v1/admin/institutional/catalog/{item_id}/action,plataforma,no,no,no,no,no,no,no,no,no,yes,yes,system,schema_422,404,no,no,no,no,no,,,,,responde sem erro de servidor; recusa quem a classe não autoriza,422 recusou o corpo incompleto,recusada pelo schema antes do handler,PASS,docs/execution/TEST_EVIDENCE.md
post_v1_admin_institutional_catalog_item_id_new-version,POST,/v1/admin/institutional/catalog/{item_id}/new-version,plataforma,no,no,no,no,no,no,no,no,no,yes,yes,system,schema_422,404,no,yes,no,no,no,,,,,responde sem erro de servidor; recusa quem a classe não autoriza,422 recusou o corpo incompleto,recusada pelo schema antes do handler,PASS,docs/execution/TEST_EVIDENCE.md
get_v1_admin_institutional_documents,GET,/v1/admin/institutional/documents,plataforma,no,no,no,no,no,no,no,no,no,yes,yes,system,schema_422,n/a,no,no,no,no,no,,,,,responde sem erro de servidor; recusa quem a classe não autoriza,200 respondeu,handler executado,PASS,docs/execution/TEST_EVIDENCE.md
post_v1_admin_institutional_documents_document_id_validate,POST,/v1/admin/institutional/documents/{document_id}/validate,plataforma,no,no,no,no,no,no,no,no,no,yes,yes,system,schema_422,404,no,yes,no,no,no,,,,,responde sem erro de servidor; recusa quem a classe não autoriza,422 recusou o corpo incompleto,recusada pelo schema antes do handler,PASS,docs/execution/TEST_EVIDENCE.md
get_v1_admin_institutional_mentoring,GET,/v1/admin/institutional/mentoring,plataforma,no,no,no,no,no,no,no,no,no,yes,yes,system,schema_422,n/a,no,no,no,no,no,,,,,responde sem erro de servidor; recusa quem a classe não autoriza,200 respondeu,handler executado,PASS,docs/execution/TEST_EVIDENCE.md
post_v1_admin_institutional_mentoring_mentoring_id_update,POST,/v1/admin/institutional/mentoring/{mentoring_id}/update,plataforma,no,no,no,no,no,no,no,no,no,yes,yes,system,schema_422,404,no,yes,no,no,no,,,,,responde sem erro de servidor; recusa quem a classe não autoriza,422 recusou o corpo incompleto,recusada pelo schema antes do handler,PASS,docs/execution/TEST_EVIDENCE.md
get_v1_admin_institutional_organizations_org_id,GET,/v1/admin/institutional/organizations/{org_id},plataforma,no,no,no,no,no,no,no,no,no,yes,yes,system,n/a,404,no,no,no,no,no,,,,,responde sem erro de servidor; recusa quem a classe não autoriza,200 respondeu,handler executado,PASS,docs/execution/TEST_EVIDENCE.md
post_v1_admin_institutional_organizations_org_id_status,POST,/v1/admin/institutional/organizations/{org_id}/status,plataforma,no,no,no,no,no,no,no,no,no,yes,yes,system,schema_422,404,no,yes,no,no,no,,,,,responde sem erro de servidor; recusa quem a classe não autoriza,422 recusou o corpo incompleto,recusada pelo schema antes do handler,PASS,docs/execution/TEST_EVIDENCE.md
get_v1_admin_institutional_overview,GET,/v1/admin/institutional/overview,plataforma,no,no,no,no,no,no,no,no,no,yes,yes,system,n/a,n/a,no,no,no,no,no,,,,,responde sem erro de servidor; recusa quem a classe não autoriza,200 respondeu,handler executado,PASS,docs/execution/TEST_EVIDENCE.md
get_v1_admin_institutional_qualifications,GET,/v1/admin/institutional/qualifications,plataforma,no,no,no,no,no,no,no,no,no,yes,yes,system,schema_422,n/a,no,no,no,no,no,,,,,responde sem erro de servidor; recusa quem a classe não autoriza,200 respondeu,handler executado,PASS,docs/execution/TEST_EVIDENCE.md
post_v1_admin_institutional_qualifications_qualification_id_decide,POST,/v1/admin/institutional/qualifications/{qualification_id}/decide,plataforma,no,no,no,no,no,no,no,no,no,yes,yes,system,schema_422,404,no,yes,no,no,no,,,,,responde sem erro de servidor; recusa quem a classe não autoriza,422 recusou o corpo incompleto,recusada pelo schema antes do handler,PASS,docs/execution/TEST_EVIDENCE.md
get_v1_admin_institutional_rules,GET,/v1/admin/institutional/rules,plataforma,no,no,no,no,no,no,no,no,no,yes,yes,system,schema_422,n/a,no,no,no,no,no,,,,,responde sem erro de servidor; recusa quem a classe não autoriza,200 respondeu,handler executado,PASS,docs/execution/TEST_EVIDENCE.md
post_v1_admin_institutional_rules,POST,/v1/admin/institutional/rules,plataforma,no,no,no,no,no,no,no,no,no,yes,yes,system,schema_422,n/a,no,yes,no,no,no,,,,,responde sem erro de servidor; recusa quem a classe não autoriza,422 recusou o corpo incompleto,recusada pelo schema antes do handler,PASS,docs/execution/TEST_EVIDENCE.md
post_v1_admin_institutional_rules_import-candidates,POST,/v1/admin/institutional/rules/import-candidates,plataforma,no,no,no,no,no,no,no,no,no,yes,yes,system,n/a,n/a,no,yes,no,no,no,,,,,responde sem erro de servidor; recusa quem a classe não autoriza,201 criou,handler executado,PASS,docs/execution/TEST_EVIDENCE.md
post_v1_admin_institutional_rules_rule_id_action,POST,/v1/admin/institutional/rules/{rule_id}/action,plataforma,no,no,no,no,no,no,no,no,no,yes,yes,system,schema_422,404,no,no,no,no,no,,,,,responde sem erro de servidor; recusa quem a classe não autoriza,422 recusou o corpo incompleto,recusada pelo schema antes do handler,PASS,docs/execution/TEST_EVIDENCE.md
post_v1_admin_institutional_rules_rule_id_new-version,POST,/v1/admin/institutional/rules/{rule_id}/new-version,plataforma,no,no,no,no,no,no,no,no,no,yes,yes,system,schema_422,404,no,yes,no,no,no,,,,,responde sem erro de servidor; recusa quem a classe não autoriza,422 recusou o corpo incompleto,recusada pelo schema antes do handler,PASS,docs/execution/TEST_EVIDENCE.md
get_v1_admin_integrations_overview,GET,/v1/admin/integrations/overview,plataforma_com_permissao,no,no,no,no,no,no,no,no,no,perm,yes,system,n/a,n/a,no,no,no,no,no,,integration.read,,,responde sem erro de servidor; recusa quem a classe não autoriza,200 respondeu,handler executado,PASS,docs/execution/TEST_EVIDENCE.md
post_v1_admin_integrations_providers_key_maturity,POST,/v1/admin/integrations/providers/{key}/maturity,plataforma_com_permissao,no,no,no,no,no,no,no,no,no,perm,yes,system,schema_422,404,no,yes,no,no,no,,integration.write,,,responde sem erro de servidor; recusa quem a classe não autoriza,422 recusou o corpo incompleto,recusada pelo schema antes do handler,PASS,docs/execution/TEST_EVIDENCE.md
post_v1_admin_integrations_run-worker,POST,/v1/admin/integrations/run-worker,plataforma_com_permissao,no,no,no,no,no,no,no,no,no,perm,yes,system,n/a,n/a,no,yes,no,no,no,,maintenance.execute,,,responde sem erro de servidor; recusa quem a classe não autoriza,pulada pela varredura por ser destrutiva (motivo em PULADAS),pulada por ser destrutiva (motivo em PULADAS),PASS,docs/execution/TEST_EVIDENCE.md
get_v1_admin_integrity,GET,/v1/admin/integrity,plataforma_com_permissao,no,no,no,no,no,no,no,no,no,perm,yes,system,n/a,n/a,no,yes,no,no,no,,security.audit.read,,,responde sem erro de servidor; recusa quem a classe não autoriza,200 respondeu,handler executado,PASS,docs/execution/TEST_EVIDENCE.md
post_v1_admin_invoices,POST,/v1/admin/invoices,plataforma_com_permissao,no,no,no,no,no,no,no,no,no,perm,yes,system,schema_422,n/a,no,yes,no,no,no,,billing.write,,,responde sem erro de servidor; recusa quem a classe não autoriza,422 recusou o corpo incompleto,recusada pelo schema antes do handler,PASS,docs/execution/TEST_EVIDENCE.md
post_v1_admin_invoices_invoice_id_paid,POST,/v1/admin/invoices/{invoice_id}/paid,plataforma_com_permissao,no,no,no,no,no,no,no,no,no,perm,yes,system,schema_422,404,no,yes,no,no,no,,billing.write,,,responde sem erro de servidor; recusa quem a classe não autoriza,422 recusou o corpo incompleto,recusada pelo schema antes do handler,PASS,docs/execution/TEST_EVIDENCE.md
get_v1_admin_jobs,GET,/v1/admin/jobs,plataforma_com_permissao,no,no,no,no,no,no,no,no,no,perm,yes,system,n/a,n/a,no,no,no,no,no,,maintenance.read,,,responde sem erro de servidor; recusa quem a classe não autoriza,200 respondeu,handler executado,PASS,docs/execution/TEST_EVIDENCE.md
get_v1_admin_kill-switch,GET,/v1/admin/kill-switch,plataforma_com_permissao,no,no,no,no,no,no,no,no,no,perm,yes,system,n/a,n/a,no,no,no,no,no,,security.kill_switch,,,responde sem erro de servidor; recusa quem a classe não autoriza,200 respondeu,handler executado,PASS,docs/execution/TEST_EVIDENCE.md
post_v1_admin_kill-switch,POST,/v1/admin/kill-switch,plataforma_com_permissao,no,no,no,no,no,no,no,no,no,perm,yes,system,schema_422,n/a,no,no,no,no,no,,security.kill_switch,,,responde sem erro de servidor; recusa quem a classe não autoriza,pulada pela varredura por ser destrutiva (motivo em PULADAS),pulada por ser destrutiva (motivo em PULADAS),PASS,docs/execution/TEST_EVIDENCE.md
get_v1_admin_legal_acceptances,GET,/v1/admin/legal/acceptances,plataforma,no,no,no,no,no,no,no,no,no,yes,yes,system,schema_422,n/a,no,no,no,no,no,,,,,responde sem erro de servidor; recusa quem a classe não autoriza,200 respondeu,handler executado,PASS,docs/execution/TEST_EVIDENCE.md
post_v1_admin_legal_documents_doc_id_approve,POST,/v1/admin/legal/documents/{doc_id}/approve,plataforma,no,no,no,no,no,no,no,no,no,yes,yes,system,schema_422,404,no,no,no,no,no,,,,,responde sem erro de servidor; recusa quem a classe não autoriza,422 recusou o corpo incompleto,recusada pelo schema antes do handler,PASS,docs/execution/TEST_EVIDENCE.md
post_v1_admin_legal_documents_doc_id_review,POST,/v1/admin/legal/documents/{doc_id}/review,plataforma,no,no,no,no,no,no,no,no,no,yes,yes,system,n/a,404,no,yes,no,no,no,,,,,responde sem erro de servidor; recusa quem a classe não autoriza,404 não encontrou o objeto inexistente informado,handler executado,PASS,docs/execution/TEST_EVIDENCE.md
post_v1_admin_marketplace_listings_listing_id_transition,POST,/v1/admin/marketplace/listings/{listing_id}/transition,plataforma,no,no,no,no,no,no,no,no,no,yes,yes,system,schema_422,404,no,yes,no,no,no,,,,,responde sem erro de servidor; recusa quem a classe não autoriza,422 recusou o corpo incompleto,recusada pelo schema antes do handler,PASS,docs/execution/TEST_EVIDENCE.md
get_v1_admin_match_calibration,GET,/v1/admin/match/calibration,plataforma,no,no,no,no,no,no,no,no,no,yes,yes,system,n/a,n/a,no,no,no,no,no,,,,,responde sem erro de servidor; recusa quem a classe não autoriza,200 respondeu,handler executado,PASS,docs/execution/TEST_EVIDENCE.md
get_v1_admin_messages_message_id,GET,/v1/admin/messages/{message_id},plataforma,no,no,no,no,no,no,no,no,no,yes,yes,system,n/a,404,no,yes,no,no,no,,,,,responde sem erro de servidor; recusa quem a classe não autoriza,404 não encontrou o objeto inexistente informado,handler executado,PASS,docs/execution/TEST_EVIDENCE.md
post_v1_admin_messages_message_id_remove,POST,/v1/admin/messages/{message_id}/remove,plataforma,no,no,no,no,no,no,no,no,no,yes,yes,system,schema_422,404,no,yes,no,no,no,,,,,responde sem erro de servidor; recusa quem a classe não autoriza,422 recusou o corpo incompleto,recusada pelo schema antes do handler,PASS,docs/execution/TEST_EVIDENCE.md
post_v1_admin_monetization_legal-cards,POST,/v1/admin/monetization/legal-cards,plataforma_com_permissao,no,no,no,no,no,no,no,no,no,perm,yes,system,schema_422,n/a,no,no,no,no,no,,finance.write,,,responde sem erro de servidor; recusa quem a classe não autoriza,422 recusou o corpo incompleto,recusada pelo schema antes do handler,PASS,docs/execution/TEST_EVIDENCE.md
get_v1_admin_monetization_pipeline,GET,/v1/admin/monetization/pipeline,plataforma_com_permissao,no,no,no,no,no,no,no,no,no,perm,yes,system,schema_422,n/a,no,no,no,no,no,,finance.read,,,responde sem erro de servidor; recusa quem a classe não autoriza,200 respondeu,handler executado,PASS,docs/execution/TEST_EVIDENCE.md
post_v1_admin_monetization_pipeline_billable_seq_waive,POST,/v1/admin/monetization/pipeline/{billable_seq}/waive,plataforma_com_permissao,no,no,no,no,no,no,no,no,no,perm,yes,system,schema_422,404,no,yes,no,no,no,,finance.write,,,responde sem erro de servidor; recusa quem a classe não autoriza,422 recusou o corpo incompleto,recusada pelo schema antes do handler,PASS,docs/execution/TEST_EVIDENCE.md
patch_v1_admin_monetization_rules_rule_key,PATCH,/v1/admin/monetization/rules/{rule_key},plataforma_com_permissao,no,no,no,no,no,no,no,no,no,perm,yes,system,schema_422,404,no,yes,no,no,no,,finance.approve,,,responde sem erro de servidor; recusa quem a classe não autoriza,422 recusou o corpo incompleto,handler executado,PASS,docs/execution/TEST_EVIDENCE.md
get_v1_admin_ops_health,GET,/v1/admin/ops/health,plataforma_com_permissao,no,no,no,no,no,no,no,no,no,perm,yes,system,n/a,n/a,no,no,no,no,no,,health.read,,,responde sem erro de servidor; recusa quem a classe não autoriza,200 respondeu,handler executado,PASS,docs/execution/TEST_EVIDENCE.md
get_v1_admin_organizations,GET,/v1/admin/organizations,plataforma_com_permissao,no,no,no,no,no,no,no,no,no,perm,yes,system,schema_422,n/a,no,no,no,no,no,,admin.organizations.read,,,responde sem erro de servidor; recusa quem a classe não autoriza,200 respondeu,handler executado,PASS,docs/execution/TEST_EVIDENCE.md
post_v1_admin_organizations_org_id_compliance-checks,POST,/v1/admin/organizations/{org_id}/compliance-checks,plataforma,no,no,no,no,no,no,no,no,no,yes,yes,system,n/a,404,no,no,no,no,no,,,,,responde sem erro de servidor; recusa quem a classe não autoriza,200 respondeu,handler executado,PASS,docs/execution/TEST_EVIDENCE.md
post_v1_admin_organizations_org_id_grants,POST,/v1/admin/organizations/{org_id}/grants,plataforma_com_permissao,no,no,no,no,no,no,no,no,no,perm,yes,system,schema_422,404,no,yes,no,no,no,,billing.write,,,responde sem erro de servidor; recusa quem a classe não autoriza,422 recusou o corpo incompleto,recusada pelo schema antes do handler,PASS,docs/execution/TEST_EVIDENCE.md
post_v1_admin_organizations_org_id_license,POST,/v1/admin/organizations/{org_id}/license,plataforma_com_permissao,no,no,no,no,no,no,no,no,no,perm,yes,system,schema_422,404,no,yes,no,no,no,,billing.write,,,responde sem erro de servidor; recusa quem a classe não autoriza,422 recusou o corpo incompleto,recusada pelo schema antes do handler,PASS,docs/execution/TEST_EVIDENCE.md
post_v1_admin_organizations_org_id_status,POST,/v1/admin/organizations/{org_id}/status,plataforma,no,no,no,no,no,no,no,no,no,yes,yes,system,schema_422,404,no,yes,no,no,no,,,,,responde sem erro de servidor; recusa quem a classe não autoriza,422 recusou o corpo incompleto,recusada pelo schema antes do handler,PASS,docs/execution/TEST_EVIDENCE.md
get_v1_admin_overview,GET,/v1/admin/overview,plataforma,no,no,no,no,no,no,no,no,no,yes,yes,system,n/a,n/a,no,no,no,no,no,,,,,responde sem erro de servidor; recusa quem a classe não autoriza,200 respondeu,handler executado,PASS,docs/execution/TEST_EVIDENCE.md
get_v1_admin_payments_reconciliation,GET,/v1/admin/payments/reconciliation,plataforma_com_permissao,no,no,no,no,no,no,no,no,no,perm,yes,system,schema_422,n/a,no,no,no,no,no,,finance.read,,,responde sem erro de servidor; recusa quem a classe não autoriza,200 respondeu,handler executado,PASS,docs/execution/TEST_EVIDENCE.md
get_v1_admin_payments_revenue,GET,/v1/admin/payments/revenue,plataforma_com_permissao,no,no,no,no,no,no,no,no,no,perm,yes,system,schema_422,n/a,no,no,no,no,no,,finance.read,,,responde sem erro de servidor; recusa quem a classe não autoriza,200 respondeu,handler executado,PASS,docs/execution/TEST_EVIDENCE.md
post_v1_admin_payout-transfers_transfer_id_confirm,POST,/v1/admin/payout-transfers/{transfer_id}/confirm,plataforma_com_permissao,no,no,no,no,no,no,no,no,no,perm,yes,system,n/a,404,no,yes,yes,no,no,,billing.write,,,responde sem erro de servidor; recusa quem a classe não autoriza,404 não encontrou o objeto inexistente informado,handler executado,PASS,docs/execution/TEST_EVIDENCE.md
post_v1_admin_payouts_payout_id_reconcile,POST,/v1/admin/payouts/{payout_id}/reconcile,plataforma_com_permissao,no,no,no,no,no,no,no,no,no,perm,yes,system,schema_422,404,no,yes,yes,no,no,,billing.write,,,responde sem erro de servidor; recusa quem a classe não autoriza,422 recusou o corpo incompleto,recusada pelo schema antes do handler,PASS,docs/execution/TEST_EVIDENCE.md
get_v1_admin_permissions,GET,/v1/admin/permissions,plataforma_com_permissao,no,no,no,no,no,no,no,no,no,perm,yes,system,n/a,n/a,no,no,no,no,no,,admin.users.read,,,responde sem erro de servidor; recusa quem a classe não autoriza,200 respondeu,handler executado,PASS,docs/execution/TEST_EVIDENCE.md
get_v1_admin_price-benchmark,GET,/v1/admin/price-benchmark,plataforma_com_permissao,no,no,no,no,no,no,no,no,no,perm,yes,system,n/a,n/a,no,no,no,no,no,,finance.read,,,responde sem erro de servidor; recusa quem a classe não autoriza,200 respondeu,handler executado,PASS,docs/execution/TEST_EVIDENCE.md
get_v1_admin_privileged-access,GET,/v1/admin/privileged-access,plataforma_com_permissao,no,no,no,no,no,no,no,no,no,perm,yes,system,n/a,n/a,no,no,no,no,no,,security.audit.read,,,responde sem erro de servidor; recusa quem a classe não autoriza,200 respondeu,handler executado,PASS,docs/execution/TEST_EVIDENCE.md
get_v1_admin_reports,GET,/v1/admin/reports,plataforma,no,no,no,no,no,no,no,no,no,yes,yes,system,schema_422,n/a,no,no,no,no,no,,,,,responde sem erro de servidor; recusa quem a classe não autoriza,200 respondeu,handler executado,PASS,docs/execution/TEST_EVIDENCE.md
get_v1_admin_reports_queue,GET,/v1/admin/reports/queue,plataforma,no,no,no,no,no,no,no,no,no,yes,yes,system,schema_422,n/a,no,no,no,no,no,,,,,responde sem erro de servidor; recusa quem a classe não autoriza,200 respondeu,handler executado,PASS,docs/execution/TEST_EVIDENCE.md
post_v1_admin_reports_report_id_conclude,POST,/v1/admin/reports/{report_id}/conclude,plataforma,no,no,no,no,no,no,no,no,no,yes,yes,system,schema_422,404,no,yes,no,no,no,,,,,responde sem erro de servidor; recusa quem a classe não autoriza,422 recusou o corpo incompleto,recusada pelo schema antes do handler,PASS,docs/execution/TEST_EVIDENCE.md
post_v1_admin_reports_report_id_dismiss,POST,/v1/admin/reports/{report_id}/dismiss,plataforma,no,no,no,no,no,no,no,no,no,yes,yes,system,schema_422,404,no,yes,no,no,no,,,,,responde sem erro de servidor; recusa quem a classe não autoriza,422 recusou o corpo incompleto,recusada pelo schema antes do handler,PASS,docs/execution/TEST_EVIDENCE.md
post_v1_admin_reports_report_id_request-response,POST,/v1/admin/reports/{report_id}/request-response,plataforma,no,no,no,no,no,no,no,no,no,yes,yes,system,schema_422,404,no,yes,no,no,no,,,,,responde sem erro de servidor; recusa quem a classe não autoriza,422 recusou o corpo incompleto,recusada pelo schema antes do handler,PASS,docs/execution/TEST_EVIDENCE.md
get_v1_admin_reports_report_id_responses,GET,/v1/admin/reports/{report_id}/responses,plataforma,no,no,no,no,no,no,no,no,no,yes,yes,system,n/a,404,no,no,no,no,no,,,,,responde sem erro de servidor; recusa quem a classe não autoriza,200 respondeu,handler executado,PASS,docs/execution/TEST_EVIDENCE.md
post_v1_admin_reports_report_id_review,POST,/v1/admin/reports/{report_id}/review,plataforma,no,no,no,no,no,no,no,no,no,yes,yes,system,n/a,404,no,yes,no,no,no,,,,,responde sem erro de servidor; recusa quem a classe não autoriza,409 recusou pelo estado atual,handler executado,PASS,docs/execution/TEST_EVIDENCE.md
post_v1_admin_reputation_disputes_dispute_id_resolution,POST,/v1/admin/reputation/disputes/{dispute_id}/resolution,plataforma,no,no,no,no,no,no,no,no,no,yes,yes,system,schema_422,404,no,yes,no,no,no,,,,,responde sem erro de servidor; recusa quem a classe não autoriza,422 recusou o corpo incompleto,recusada pelo schema antes do handler,PASS,docs/execution/TEST_EVIDENCE.md
get_v1_admin_risk-levels,GET,/v1/admin/risk-levels,plataforma_com_permissao,no,no,no,no,no,no,no,no,no,perm,yes,system,n/a,n/a,no,no,no,no,no,,security.audit.read,,,responde sem erro de servidor; recusa quem a classe não autoriza,200 respondeu,handler executado,PASS,docs/execution/TEST_EVIDENCE.md
get_v1_admin_risk_assessments,GET,/v1/admin/risk/assessments,plataforma_com_permissao,no,no,no,no,no,no,no,no,no,perm,yes,system,n/a,n/a,no,no,no,no,no,,compliance.read,,,responde sem erro de servidor; recusa quem a classe não autoriza,200 respondeu,handler executado,PASS,docs/execution/TEST_EVIDENCE.md
post_v1_admin_risk_orgs_org_id_block,POST,/v1/admin/risk/orgs/{org_id}/block,plataforma_com_permissao,no,no,no,no,no,no,no,no,no,perm,yes,system,schema_422,404,no,yes,no,no,no,,compliance.write,,,responde sem erro de servidor; recusa quem a classe não autoriza,422 recusou o corpo incompleto,recusada pelo schema antes do handler,PASS,docs/execution/TEST_EVIDENCE.md
post_v1_admin_risk_orgs_org_id_unblock,POST,/v1/admin/risk/orgs/{org_id}/unblock,plataforma_com_permissao,no,no,no,no,no,no,no,no,no,perm,yes,system,schema_422,404,no,yes,no,no,no,,compliance.write,,,responde sem erro de servidor; recusa quem a classe não autoriza,422 recusou o corpo incompleto,recusada pelo schema antes do handler,PASS,docs/execution/TEST_EVIDENCE.md
post_v1_admin_risk_scan,POST,/v1/admin/risk/scan,plataforma_com_permissao,no,no,no,no,no,no,no,no,no,perm,yes,system,schema_422,n/a,no,yes,no,no,no,,compliance.write,,,responde sem erro de servidor; recusa quem a classe não autoriza,200 respondeu,handler executado,PASS,docs/execution/TEST_EVIDENCE.md
get_v1_admin_risk_signals,GET,/v1/admin/risk/signals,plataforma_com_permissao,no,no,no,no,no,no,no,no,no,perm,yes,system,schema_422,n/a,no,no,no,no,no,,compliance.read,,,responde sem erro de servidor; recusa quem a classe não autoriza,200 respondeu,handler executado,PASS,docs/execution/TEST_EVIDENCE.md
post_v1_admin_risk_signals_signal_id_review,POST,/v1/admin/risk/signals/{signal_id}/review,plataforma_com_permissao,no,no,no,no,no,no,no,no,no,perm,yes,system,schema_422,404,no,yes,no,no,no,,compliance.write,,,responde sem erro de servidor; recusa quem a classe não autoriza,422 recusou o corpo incompleto,recusada pelo schema antes do handler,PASS,docs/execution/TEST_EVIDENCE.md
post_v1_admin_seals_awards,POST,/v1/admin/seals/awards,plataforma,no,no,no,no,no,no,no,no,no,yes,yes,system,schema_422,n/a,no,yes,no,no,no,,,,,responde sem erro de servidor; recusa quem a classe não autoriza,422 recusou o corpo incompleto,recusada pelo schema antes do handler,PASS,docs/execution/TEST_EVIDENCE.md
post_v1_admin_seals_awards_award_id_revoke,POST,/v1/admin/seals/awards/{award_id}/revoke,plataforma,no,no,no,no,no,no,no,no,no,yes,yes,system,schema_422,404,no,yes,no,no,no,,,,,responde sem erro de servidor; recusa quem a classe não autoriza,422 recusou o corpo incompleto,recusada pelo schema antes do handler,PASS,docs/execution/TEST_EVIDENCE.md
post_v1_admin_seals_definitions,POST,/v1/admin/seals/definitions,plataforma,no,no,no,no,no,no,no,no,no,yes,yes,system,schema_422,n/a,no,yes,no,no,no,,,,,responde sem erro de servidor; recusa quem a classe não autoriza,422 recusou o corpo incompleto,recusada pelo schema antes do handler,PASS,docs/execution/TEST_EVIDENCE.md
post_v1_admin_seals_definitions_definition_id_publish,POST,/v1/admin/seals/definitions/{definition_id}/publish,plataforma,no,no,no,no,no,no,no,no,no,yes,yes,system,n/a,404,no,yes,no,no,no,,,,,responde sem erro de servidor; recusa quem a classe não autoriza,404 não encontrou o objeto inexistente informado,handler executado,PASS,docs/execution/TEST_EVIDENCE.md
post_v1_admin_seals_definitions_definition_id_retire,POST,/v1/admin/seals/definitions/{definition_id}/retire,plataforma,no,no,no,no,no,no,no,no,no,yes,yes,system,schema_422,404,no,yes,no,no,no,,,,,responde sem erro de servidor; recusa quem a classe não autoriza,422 recusou o corpo incompleto,recusada pelo schema antes do handler,PASS,docs/execution/TEST_EVIDENCE.md
put_v1_admin_signature-providers_provider_key,PUT,/v1/admin/signature-providers/{provider_key},plataforma,no,no,no,no,no,no,no,no,no,yes,yes,system,schema_422,404,no,yes,no,no,no,,,,,responde sem erro de servidor; recusa quem a classe não autoriza,422 recusou o corpo incompleto,recusada pelo schema antes do handler,PASS,docs/execution/TEST_EVIDENCE.md
post_v1_admin_solution-disputes_dispute_id_decide,POST,/v1/admin/solution-disputes/{dispute_id}/decide,plataforma,no,no,no,no,no,no,no,no,no,yes,yes,system,schema_422,404,no,yes,no,no,no,,,,,responde sem erro de servidor; recusa quem a classe não autoriza,422 recusou o corpo incompleto,recusada pelo schema antes do handler,PASS,docs/execution/TEST_EVIDENCE.md
post_v1_admin_solution-evidence_evidence_id_review,POST,/v1/admin/solution-evidence/{evidence_id}/review,plataforma,no,no,no,no,no,no,no,no,no,yes,yes,system,schema_422,404,no,yes,no,no,no,,,,,responde sem erro de servidor; recusa quem a classe não autoriza,422 recusou o corpo incompleto,recusada pelo schema antes do handler,PASS,docs/execution/TEST_EVIDENCE.md
post_v1_admin_solution-results_result_id_validate,POST,/v1/admin/solution-results/{result_id}/validate,plataforma,no,no,no,no,no,no,no,no,no,yes,yes,system,n/a,404,no,yes,no,no,no,,,,,responde sem erro de servidor; recusa quem a classe não autoriza,404 não encontrou o objeto inexistente informado,handler executado,PASS,docs/execution/TEST_EVIDENCE.md
get_v1_admin_solutions_queue,GET,/v1/admin/solutions/queue,plataforma,no,no,no,no,no,no,no,no,no,yes,yes,system,n/a,n/a,no,no,no,no,no,,,,,responde sem erro de servidor; recusa quem a classe não autoriza,200 respondeu,handler executado,PASS,docs/execution/TEST_EVIDENCE.md
post_v1_admin_solutions_solution_id_remove,POST,/v1/admin/solutions/{solution_id}/remove,plataforma,no,no,no,no,no,no,no,no,no,yes,yes,system,schema_422,404,no,yes,no,no,no,,,,,responde sem erro de servidor; recusa quem a classe não autoriza,422 recusou o corpo incompleto,recusada pelo schema antes do handler,PASS,docs/execution/TEST_EVIDENCE.md
post_v1_admin_solutions_solution_id_verify,POST,/v1/admin/solutions/{solution_id}/verify,plataforma,no,no,no,no,no,no,no,no,no,yes,yes,system,schema_422,404,no,yes,no,no,no,,,,,responde sem erro de servidor; recusa quem a classe não autoriza,422 recusou o corpo incompleto,recusada pelo schema antes do handler,PASS,docs/execution/TEST_EVIDENCE.md
get_v1_admin_staff-roles,GET,/v1/admin/staff-roles,plataforma_com_permissao,no,no,no,no,no,no,no,no,no,perm,yes,system,n/a,n/a,no,no,no,no,no,,admin.users.read,,,responde sem erro de servidor; recusa quem a classe não autoriza,200 respondeu,handler executado,PASS,docs/execution/TEST_EVIDENCE.md
post_v1_admin_staff-roles,POST,/v1/admin/staff-roles,plataforma_com_permissao,no,no,no,no,no,no,no,no,no,perm,yes,system,schema_422,n/a,no,yes,no,no,no,,admin.users.write,,,responde sem erro de servidor; recusa quem a classe não autoriza,422 recusou o corpo incompleto,recusada pelo schema antes do handler,PASS,docs/execution/TEST_EVIDENCE.md
delete_v1_admin_staff-roles_user_id_role,DELETE,/v1/admin/staff-roles/{user_id}/{role},plataforma_com_permissao,no,no,no,no,no,no,no,no,no,perm,yes,system,schema_422,404,no,yes,no,no,no,,admin.users.write,,,responde sem erro de servidor; recusa quem a classe não autoriza,422 recusou o corpo incompleto,recusada pelo schema antes do handler,PASS,docs/execution/TEST_EVIDENCE.md
get_v1_admin_support_sla,GET,/v1/admin/support/sla,plataforma,no,no,no,no,no,no,no,no,no,yes,yes,system,n/a,n/a,no,no,no,no,no,,,,,responde sem erro de servidor; recusa quem a classe não autoriza,200 respondeu,handler executado,PASS,docs/execution/TEST_EVIDENCE.md
put_v1_admin_support_sla_priority,PUT,/v1/admin/support/sla/{priority},plataforma,no,no,no,no,no,no,no,no,no,yes,yes,system,schema_422,404,no,yes,no,no,no,,,,,responde sem erro de servidor; recusa quem a classe não autoriza,422 recusou o corpo incompleto,recusada pelo schema antes do handler,PASS,docs/execution/TEST_EVIDENCE.md
get_v1_admin_support_tickets,GET,/v1/admin/support/tickets,plataforma_com_permissao,no,no,no,no,no,no,no,no,no,perm,yes,system,schema_422,n/a,no,no,no,no,no,,support.read,,,responde sem erro de servidor; recusa quem a classe não autoriza,200 respondeu,handler executado,PASS,docs/execution/TEST_EVIDENCE.md
get_v1_admin_support_tickets_ticket_id,GET,/v1/admin/support/tickets/{ticket_id},plataforma,no,no,no,no,no,no,no,no,no,yes,yes,system,n/a,404,no,no,no,no,no,,,,,responde sem erro de servidor; recusa quem a classe não autoriza,404 não encontrou o objeto inexistente informado,handler executado,PASS,docs/execution/TEST_EVIDENCE.md
patch_v1_admin_support_tickets_ticket_id,PATCH,/v1/admin/support/tickets/{ticket_id},plataforma,no,no,no,no,no,no,no,no,no,yes,yes,system,schema_422,404,no,yes,no,no,no,,,,,responde sem erro de servidor; recusa quem a classe não autoriza,404 não encontrou o objeto inexistente informado,handler executado,PASS,docs/execution/TEST_EVIDENCE.md
post_v1_admin_support_tickets_ticket_id_messages,POST,/v1/admin/support/tickets/{ticket_id}/messages,plataforma,no,no,no,no,no,no,no,no,no,yes,yes,system,schema_422,404,no,yes,no,no,no,,,,,responde sem erro de servidor; recusa quem a classe não autoriza,422 recusou o corpo incompleto,recusada pelo schema antes do handler,PASS,docs/execution/TEST_EVIDENCE.md
post_v1_admin_support_tickets_ticket_id_to-article,POST,/v1/admin/support/tickets/{ticket_id}/to-article,plataforma,no,no,no,no,no,no,no,no,no,yes,yes,system,n/a,404,no,no,no,no,no,,,,,responde sem erro de servidor; recusa quem a classe não autoriza,404 não encontrou o objeto inexistente informado,handler executado,PASS,docs/execution/TEST_EVIDENCE.md
post_v1_admin_territory-indicators,POST,/v1/admin/territory-indicators,plataforma,no,no,no,no,no,no,no,no,no,yes,yes,system,schema_422,n/a,no,no,no,no,no,,,,,responde sem erro de servidor; recusa quem a classe não autoriza,422 recusou o corpo incompleto,recusada pelo schema antes do handler,PASS,docs/execution/TEST_EVIDENCE.md
get_v1_admin_trust_credentials_queue,GET,/v1/admin/trust/credentials/queue,plataforma,no,no,no,no,no,no,no,no,no,yes,yes,system,schema_422,n/a,no,no,no,no,no,,,,,responde sem erro de servidor; recusa quem a classe não autoriza,200 respondeu,handler executado,PASS,docs/execution/TEST_EVIDENCE.md
post_v1_admin_trust_credentials_credential_id_decide,POST,/v1/admin/trust/credentials/{credential_id}/decide,plataforma,no,no,no,no,no,no,no,no,no,yes,yes,system,schema_422,404,no,yes,no,no,no,,,,,responde sem erro de servidor; recusa quem a classe não autoriza,422 recusou o corpo incompleto,recusada pelo schema antes do handler,PASS,docs/execution/TEST_EVIDENCE.md
post_v1_admin_trust_credentials_credential_id_revoke,POST,/v1/admin/trust/credentials/{credential_id}/revoke,plataforma,no,no,no,no,no,no,no,no,no,yes,yes,system,schema_422,404,no,yes,no,no,no,,,,,responde sem erro de servidor; recusa quem a classe não autoriza,422 recusou o corpo incompleto,recusada pelo schema antes do handler,PASS,docs/execution/TEST_EVIDENCE.md
get_v1_admin_trust_identity_queue,GET,/v1/admin/trust/identity/queue,plataforma,no,no,no,no,no,no,no,no,no,yes,yes,system,schema_422,n/a,no,no,no,no,no,,,,,responde sem erro de servidor; recusa quem a classe não autoriza,200 respondeu,handler executado,PASS,docs/execution/TEST_EVIDENCE.md
post_v1_admin_trust_identity_verification_id_decide,POST,/v1/admin/trust/identity/{verification_id}/decide,plataforma,no,no,no,no,no,no,no,no,no,yes,yes,system,schema_422,404,no,yes,no,no,no,,,,,responde sem erro de servidor; recusa quem a classe não autoriza,422 recusou o corpo incompleto,recusada pelo schema antes do handler,PASS,docs/execution/TEST_EVIDENCE.md
get_v1_admin_users,GET,/v1/admin/users,plataforma_com_permissao,no,no,no,no,no,no,no,no,no,perm,yes,system,schema_422,n/a,no,no,no,no,no,,admin.users.read,,,responde sem erro de servidor; recusa quem a classe não autoriza,200 respondeu,handler executado,PASS,docs/execution/TEST_EVIDENCE.md
post_v1_admin_users_user_id_status,POST,/v1/admin/users/{user_id}/status,plataforma,no,no,no,no,no,no,no,no,no,yes,yes,system,schema_422,404,no,yes,no,no,no,,,,,responde sem erro de servidor; recusa quem a classe não autoriza,422 recusou o corpo incompleto,recusada pelo schema antes do handler,PASS,docs/execution/TEST_EVIDENCE.md
post_v1_admin_value_baselines,POST,/v1/admin/value/baselines,plataforma_com_permissao,no,no,no,no,no,no,no,no,no,perm,yes,system,schema_422,n/a,no,no,no,no,no,,finance.write,,,responde sem erro de servidor; recusa quem a classe não autoriza,422 recusou o corpo incompleto,recusada pelo schema antes do handler,PASS,docs/execution/TEST_EVIDENCE.md
get_v1_admin_voucher-batches,GET,/v1/admin/voucher-batches,plataforma_com_permissao,no,no,no,no,no,no,no,no,no,perm,yes,system,n/a,n/a,no,no,no,no,no,,billing.read,,,responde sem erro de servidor; recusa quem a classe não autoriza,200 respondeu,handler executado,PASS,docs/execution/TEST_EVIDENCE.md
post_v1_admin_voucher-batches,POST,/v1/admin/voucher-batches,plataforma_com_permissao,no,no,no,no,no,no,no,no,no,perm,yes,system,schema_422,n/a,no,yes,no,no,no,,billing.write,,,responde sem erro de servidor; recusa quem a classe não autoriza,422 recusou o corpo incompleto,recusada pelo schema antes do handler,PASS,docs/execution/TEST_EVIDENCE.md
post_v1_admin_voucher-batches_batch_id_action,POST,/v1/admin/voucher-batches/{batch_id}/action,plataforma_com_permissao,no,no,no,no,no,no,no,no,no,perm,yes,system,schema_422,404,no,yes,no,no,no,,billing.write,,,responde sem erro de servidor; recusa quem a classe não autoriza,422 recusou o corpo incompleto,recusada pelo schema antes do handler,PASS,docs/execution/TEST_EVIDENCE.md
get_v1_admin_voucher-batches_batch_id_redemptions,GET,/v1/admin/voucher-batches/{batch_id}/redemptions,plataforma_com_permissao,no,no,no,no,no,no,no,no,no,perm,yes,system,n/a,404,no,no,no,no,no,,billing.read,,,responde sem erro de servidor; recusa quem a classe não autoriza,200 respondeu,handler executado,PASS,docs/execution/TEST_EVIDENCE.md
get_v1_administrativo_orcamento,GET,/v1/administrativo/orcamento,plataforma_com_permissao,no,no,no,no,no,no,no,no,no,perm,yes,system,n/a,n/a,no,no,no,no,no,,budget.read,,,responde sem erro de servidor; recusa quem a classe não autoriza,200 respondeu,handler executado,PASS,docs/execution/TEST_EVIDENCE.md
post_v1_agreements_join,POST,/v1/agreements/join,organizacao_por_papel,no,no,no,no,no,no,no,yes,role,role,no,rls,schema_422,n/a,10/3600s,yes,no,no,no,,,owner,,responde sem erro de servidor; recusa quem a classe não autoriza,422 recusou o corpo incompleto,recusada pelo schema antes do handler,PASS,docs/execution/TEST_EVIDENCE.md
get_v1_agreements_pending,GET,/v1/agreements/pending,organizacao,no,no,yes,yes,yes,yes,yes,yes,yes,yes,no,rls,n/a,n/a,no,no,no,no,no,,,viewer,,responde sem erro de servidor; recusa quem a classe não autoriza,200 respondeu,handler executado,PASS,docs/execution/TEST_EVIDENCE.md
put_v1_ai_budget,PUT,/v1/ai/budget,organizacao_por_papel,no,no,no,no,no,no,yes,yes,role,role,no,rls,schema_422,n/a,no,yes,no,no,no,,,admin,,responde sem erro de servidor; recusa quem a classe não autoriza,422 recusou o corpo incompleto,recusada pelo schema antes do handler,PASS,docs/execution/TEST_EVIDENCE.md
get_v1_ai_center,GET,/v1/ai/center,organizacao,no,no,yes,yes,yes,yes,yes,yes,yes,yes,no,rls,n/a,n/a,no,no,no,no,no,,,viewer,,responde sem erro de servidor; recusa quem a classe não autoriza,200 respondeu,handler executado,PASS,docs/execution/TEST_EVIDENCE.md
post_v1_ai_classify-document_document_id,POST,/v1/ai/classify-document/{document_id},organizacao_por_papel,no,no,no,yes,yes,yes,yes,yes,role,role,no,rls,n/a,404,60/3600s,no,no,no,no,,,member,,responde sem erro de servidor; recusa quem a classe não autoriza,200 respondeu,handler executado,PASS,docs/execution/TEST_EVIDENCE.md
get_v1_ai_credit-orders,GET,/v1/ai/credit-orders,organizacao,no,no,yes,yes,yes,yes,yes,yes,yes,yes,no,rls,schema_422,n/a,no,no,no,no,no,,,viewer,,responde sem erro de servidor; recusa quem a classe não autoriza,200 respondeu,handler executado,PASS,docs/execution/TEST_EVIDENCE.md
post_v1_ai_credit-orders,POST,/v1/ai/credit-orders,organizacao_por_papel,no,no,no,no,no,no,yes,yes,role,role,no,rls,schema_422,n/a,20/3600s,no,no,no,no,,,admin,,responde sem erro de servidor; recusa quem a classe não autoriza,422 recusou o corpo incompleto,recusada pelo schema antes do handler,PASS,docs/execution/TEST_EVIDENCE.md
get_v1_ai_credit-orders_order_id,GET,/v1/ai/credit-orders/{order_id},organizacao,no,no,yes,yes,yes,yes,yes,yes,yes,yes,no,rls,n/a,404,no,no,no,no,no,,,viewer,,responde sem erro de servidor; recusa quem a classe não autoriza,404 não encontrou o objeto inexistente informado,handler executado,PASS,docs/execution/TEST_EVIDENCE.md
post_v1_ai_credit-orders_order_id_cancel,POST,/v1/ai/credit-orders/{order_id}/cancel,organizacao_por_papel,no,no,no,no,no,no,yes,yes,role,role,no,rls,n/a,404,20/3600s,no,no,no,no,,,admin,,responde sem erro de servidor; recusa quem a classe não autoriza,404 não encontrou o objeto inexistente informado,handler executado,PASS,docs/execution/TEST_EVIDENCE.md
get_v1_ai_credit-packs,GET,/v1/ai/credit-packs,organizacao,no,no,yes,yes,yes,yes,yes,yes,yes,yes,no,rls,n/a,n/a,no,no,no,no,no,,,viewer,,responde sem erro de servidor; recusa quem a classe não autoriza,200 respondeu,handler executado,PASS,docs/execution/TEST_EVIDENCE.md
get_v1_ai_credits,GET,/v1/ai/credits,organizacao,no,no,yes,yes,yes,yes,yes,yes,yes,yes,no,rls,schema_422,n/a,no,no,no,no,no,,,viewer,,responde sem erro de servidor; recusa quem a classe não autoriza,200 respondeu,handler executado,PASS,docs/execution/TEST_EVIDENCE.md
post_v1_ai_draft,POST,/v1/ai/draft,organizacao_tipo_e_papel,no,no,kind,kind,kind,kind,kind,kind,kind,kind,no,rls,schema_422,n/a,60/3600s,no,no,no,no,,,member,osc,responde sem erro de servidor; recusa quem a classe não autoriza,422 recusou o corpo incompleto,recusada pelo schema antes do handler,PASS,docs/execution/TEST_EVIDENCE.md
get_v1_ai_estimate,GET,/v1/ai/estimate,organizacao,no,no,yes,yes,yes,yes,yes,yes,yes,yes,no,rls,schema_422,n/a,no,no,no,no,no,,,viewer,,responde sem erro de servidor; recusa quem a classe não autoriza,422 recusou o corpo incompleto,recusada pelo schema antes do handler,PASS,docs/execution/TEST_EVIDENCE.md
get_v1_ai_executions,GET,/v1/ai/executions,organizacao,no,no,yes,yes,yes,yes,yes,yes,yes,yes,no,rls,schema_422,n/a,no,no,no,no,no,,,viewer,,responde sem erro de servidor; recusa quem a classe não autoriza,200 respondeu,handler executado,PASS,docs/execution/TEST_EVIDENCE.md
get_v1_ai_executions_execution_id,GET,/v1/ai/executions/{execution_id},organizacao,no,no,yes,yes,yes,yes,yes,yes,yes,yes,no,rls,n/a,404,no,no,no,no,no,,,viewer,,responde sem erro de servidor; recusa quem a classe não autoriza,404 não encontrou o objeto inexistente informado,handler executado,PASS,docs/execution/TEST_EVIDENCE.md
post_v1_ai_executions_execution_id_cancel,POST,/v1/ai/executions/{execution_id}/cancel,organizacao_por_papel,no,no,no,yes,yes,yes,yes,yes,role,role,no,rls,n/a,404,120/3600s,no,no,no,no,,,member,,responde sem erro de servidor; recusa quem a classe não autoriza,404 não encontrou o objeto inexistente informado,handler executado,PASS,docs/execution/TEST_EVIDENCE.md
get_v1_ai_operations,GET,/v1/ai/operations,organizacao,no,no,yes,yes,yes,yes,yes,yes,yes,yes,no,rls,n/a,n/a,no,no,no,no,no,,,viewer,,responde sem erro de servidor; recusa quem a classe não autoriza,200 respondeu,handler executado,PASS,docs/execution/TEST_EVIDENCE.md
get_v1_ai_policies,GET,/v1/ai/policies,organizacao,no,no,yes,yes,yes,yes,yes,yes,yes,yes,no,rls,n/a,n/a,no,no,no,no,no,,,viewer,,responde sem erro de servidor; recusa quem a classe não autoriza,200 respondeu,handler executado,PASS,docs/execution/TEST_EVIDENCE.md
post_v1_ai_preview,POST,/v1/ai/preview,organizacao,no,no,yes,yes,yes,yes,yes,yes,yes,yes,no,rls,schema_422,n/a,120/3600s,no,no,no,no,,,viewer,,responde sem erro de servidor; recusa quem a classe não autoriza,422 recusou o corpo incompleto,recusada pelo schema antes do handler,PASS,docs/execution/TEST_EVIDENCE.md
post_v1_ai_sponsorships,POST,/v1/ai/sponsorships,organizacao_tipo_e_papel,no,no,kind,kind,kind,kind,kind,kind,kind,kind,no,rls,schema_422,n/a,20/3600s,no,no,no,no,,,admin,company|government|osc,responde sem erro de servidor; recusa quem a classe não autoriza,422 recusou o corpo incompleto,recusada pelo schema antes do handler,PASS,docs/execution/TEST_EVIDENCE.md
get_v1_ai_sponsorships_sponsorship_id,GET,/v1/ai/sponsorships/{sponsorship_id},organizacao,no,no,yes,yes,yes,yes,yes,yes,yes,yes,no,rls,n/a,404,no,no,no,no,no,,,viewer,,responde sem erro de servidor; recusa quem a classe não autoriza,404 não encontrou o objeto inexistente informado,handler executado,PASS,docs/execution/TEST_EVIDENCE.md
post_v1_ai_sponsorships_sponsorship_id_close,POST,/v1/ai/sponsorships/{sponsorship_id}/close,organizacao_por_papel,no,no,no,no,no,no,yes,yes,role,role,no,rls,n/a,404,20/3600s,no,no,no,no,,,admin,,responde sem erro de servidor; recusa quem a classe não autoriza,404 não encontrou o objeto inexistente informado,handler executado,PASS,docs/execution/TEST_EVIDENCE.md
post_v1_ai_structure-need,POST,/v1/ai/structure-need,organizacao_tipo_e_papel,no,no,kind,kind,kind,kind,kind,kind,kind,kind,no,rls,schema_422,n/a,60/3600s,no,no,no,no,,,member,osc,responde sem erro de servidor; recusa quem a classe não autoriza,422 recusou o corpo incompleto,recusada pelo schema antes do handler,PASS,docs/execution/TEST_EVIDENCE.md
post_v1_ai_summarize-project,POST,/v1/ai/summarize-project,organizacao,no,no,yes,yes,yes,yes,yes,yes,yes,yes,no,rls,schema_422,n/a,60/3600s,no,no,no,no,,,viewer,,responde sem erro de servidor; recusa quem a classe não autoriza,422 recusou o corpo incompleto,recusada pelo schema antes do handler,PASS,docs/execution/TEST_EVIDENCE.md
get_v1_ai_usage,GET,/v1/ai/usage,organizacao,no,no,yes,yes,yes,yes,yes,yes,yes,yes,no,rls,n/a,n/a,no,no,no,no,no,,,viewer,,responde sem erro de servidor; recusa quem a classe não autoriza,200 respondeu,handler executado,PASS,docs/execution/TEST_EVIDENCE.md
get_v1_applications,GET,/v1/applications,organizacao,no,no,yes,yes,yes,yes,yes,yes,yes,yes,no,rls,schema_422,n/a,no,no,no,no,no,,,viewer,,responde sem erro de servidor; recusa quem a classe não autoriza,200 respondeu,handler executado,PASS,docs/execution/TEST_EVIDENCE.md
post_v1_applications,POST,/v1/applications,organizacao_tipo_e_papel,no,no,kind,kind,kind,kind,kind,kind,kind,kind,no,rls,schema_422,n/a,no,yes,no,no,no,,,member,osc,responde sem erro de servidor; recusa quem a classe não autoriza,422 recusou o corpo incompleto,recusada pelo schema antes do handler,PASS,docs/execution/TEST_EVIDENCE.md
post_v1_applications_interest,POST,/v1/applications/interest,organizacao_tipo_e_papel,no,no,kind,kind,kind,kind,kind,kind,kind,kind,no,rls,schema_422,n/a,no,yes,yes,no,no,,,analyst,company|individual,responde sem erro de servidor; recusa quem a classe não autoriza,422 recusou o corpo incompleto,recusada pelo schema antes do handler,PASS,docs/execution/TEST_EVIDENCE.md
get_v1_applications_application_id,GET,/v1/applications/{application_id},organizacao,no,no,yes,yes,yes,yes,yes,yes,yes,yes,no,rls,n/a,404,no,no,no,no,no,,,viewer,,responde sem erro de servidor; recusa quem a classe não autoriza,404 não encontrou o objeto inexistente informado,handler executado,PASS,docs/execution/TEST_EVIDENCE.md
post_v1_applications_application_id_commitments,POST,/v1/applications/{application_id}/commitments,organizacao_tipo_e_papel,no,no,kind,kind,kind,kind,kind,kind,kind,kind,no,rls,schema_422,404,no,yes,yes,no,no,,,manager,company|government|individual,responde sem erro de servidor; recusa quem a classe não autoriza,422 recusou o corpo incompleto,recusada pelo schema antes do handler,PASS,docs/execution/TEST_EVIDENCE.md
post_v1_applications_application_id_conflict,POST,/v1/applications/{application_id}/conflict,organizacao_tipo_e_papel,no,no,kind,kind,kind,kind,kind,kind,kind,kind,no,rls,schema_422,404,no,yes,no,no,no,,,analyst,company|government|individual,responde sem erro de servidor; recusa quem a classe não autoriza,422 recusou o corpo incompleto,recusada pelo schema antes do handler,PASS,docs/execution/TEST_EVIDENCE.md
patch_v1_applications_application_id_steps_step_id,PATCH,/v1/applications/{application_id}/steps/{step_id},organizacao_por_papel,no,no,no,yes,yes,yes,yes,yes,role,role,no,rls,schema_422,404,no,yes,no,no,no,,,member,,responde sem erro de servidor; recusa quem a classe não autoriza,422 recusou o corpo incompleto,recusada pelo schema antes do handler,PASS,docs/execution/TEST_EVIDENCE.md
post_v1_applications_application_id_transition,POST,/v1/applications/{application_id}/transition,organizacao_por_papel,no,no,no,yes,yes,yes,yes,yes,role,role,no,rls,schema_422,404,no,no,no,no,no,,,member,,responde sem erro de servidor; recusa quem a classe não autoriza,422 recusou o corpo incompleto,recusada pelo schema antes do handler,PASS,docs/execution/TEST_EVIDENCE.md
get_v1_aprovacoes,GET,/v1/aprovacoes,plataforma_com_permissao,no,no,no,no,no,no,no,no,no,perm,yes,system,n/a,n/a,no,no,no,no,no,,finance.read,,,responde sem erro de servidor; recusa quem a classe não autoriza,200 respondeu,handler executado,PASS,docs/execution/TEST_EVIDENCE.md
post_v1_aprovacoes_request_id_decide,POST,/v1/aprovacoes/{request_id}/decide,plataforma_com_permissao,no,no,no,no,no,no,no,no,no,perm,yes,system,schema_422,404,no,yes,no,no,no,,finance.approve,,,responde sem erro de servidor; recusa quem a classe não autoriza,422 recusou o corpo incompleto,recusada pelo schema antes do handler,PASS,docs/execution/TEST_EVIDENCE.md
post_v1_auth_accept-invite,POST,/v1/auth/accept-invite,usuario_sem_organizacao,no,yes,yes,yes,yes,yes,yes,yes,yes,yes,no,system,schema_422,n/a,no,no,no,no,no,,,,,responde sem erro de servidor; recusa quem a classe não autoriza,422 recusou o corpo incompleto,recusada pelo schema antes do handler,PASS,docs/execution/TEST_EVIDENCE.md
post_v1_auth_change-password,POST,/v1/auth/change-password,usuario_sem_organizacao,no,yes,yes,yes,yes,yes,yes,yes,yes,yes,no,system,schema_422,n/a,10/3600s,no,no,no,no,,,,,responde sem erro de servidor; recusa quem a classe não autoriza,422 recusou o corpo incompleto,recusada pelo schema antes do handler,PASS,docs/execution/TEST_EVIDENCE.md
post_v1_auth_forgot-password,POST,/v1/auth/forgot-password,publica,yes,yes,yes,yes,yes,yes,yes,yes,yes,yes,no,n/a,schema_422,n/a,5/3600s,no,no,no,no,,,,,responde sem erro de servidor; recusa quem a classe não autoriza,422 recusou o corpo incompleto,recusada pelo schema antes do handler,PASS,docs/execution/TEST_EVIDENCE.md
post_v1_auth_login,POST,/v1/auth/login,publica,yes,yes,yes,yes,yes,yes,yes,yes,yes,yes,no,n/a,schema_422,n/a,30/900s,no,no,no,no,,,,,responde sem erro de servidor; recusa quem a classe não autoriza,422 recusou o corpo incompleto,recusada pelo schema antes do handler,PASS,docs/execution/TEST_EVIDENCE.md
post_v1_auth_logout,POST,/v1/auth/logout,usuario_sem_organizacao,no,yes,yes,yes,yes,yes,yes,yes,yes,yes,no,system,n/a,n/a,no,no,no,no,no,,,,,responde sem erro de servidor; recusa quem a classe não autoriza,pulada pela varredura por ser destrutiva (motivo em PULADAS),pulada por ser destrutiva (motivo em PULADAS),PASS,docs/execution/TEST_EVIDENCE.md
post_v1_auth_logout-all,POST,/v1/auth/logout-all,usuario_sem_organizacao,no,yes,yes,yes,yes,yes,yes,yes,yes,yes,no,system,n/a,n/a,no,no,no,no,no,,,,,responde sem erro de servidor; recusa quem a classe não autoriza,pulada pela varredura por ser destrutiva (motivo em PULADAS),pulada por ser destrutiva (motivo em PULADAS),PASS,docs/execution/TEST_EVIDENCE.md
post_v1_auth_mfa_disable,POST,/v1/auth/mfa/disable,usuario_sem_organizacao,no,yes,yes,yes,yes,yes,yes,yes,yes,yes,no,system,schema_422,n/a,no,no,no,no,no,,,,,responde sem erro de servidor; recusa quem a classe não autoriza,422 recusou o corpo incompleto,recusada pelo schema antes do handler,PASS,docs/execution/TEST_EVIDENCE.md
post_v1_auth_mfa_enable,POST,/v1/auth/mfa/enable,usuario_sem_organizacao,no,yes,yes,yes,yes,yes,yes,yes,yes,yes,no,system,schema_422,n/a,no,no,no,no,no,,,,,responde sem erro de servidor; recusa quem a classe não autoriza,422 recusou o corpo incompleto,recusada pelo schema antes do handler,PASS,docs/execution/TEST_EVIDENCE.md
post_v1_auth_mfa_setup,POST,/v1/auth/mfa/setup,usuario_sem_organizacao,no,yes,yes,yes,yes,yes,yes,yes,yes,yes,no,system,n/a,n/a,no,no,no,no,no,,,,,responde sem erro de servidor; recusa quem a classe não autoriza,200 respondeu,handler executado,PASS,docs/execution/TEST_EVIDENCE.md
post_v1_auth_mfa_verify,POST,/v1/auth/mfa/verify,publica,yes,yes,yes,yes,yes,yes,yes,yes,yes,yes,no,n/a,schema_422,n/a,30/900s,no,no,no,no,,,,,responde sem erro de servidor; recusa quem a classe não autoriza,422 recusou o corpo incompleto,recusada pelo schema antes do handler,PASS,docs/execution/TEST_EVIDENCE.md
get_v1_auth_oidc_callback,GET,/v1/auth/oidc/callback,publica,yes,yes,yes,yes,yes,yes,yes,yes,yes,yes,no,n/a,schema_422,n/a,60/900s,no,no,no,no,,,,,responde sem erro de servidor; recusa quem a classe não autoriza,422 recusou o corpo incompleto,recusada pelo schema antes do handler,PASS,docs/execution/TEST_EVIDENCE.md
get_v1_auth_oidc_start,GET,/v1/auth/oidc/start,publica,yes,yes,yes,yes,yes,yes,yes,yes,yes,yes,no,n/a,schema_422,n/a,60/900s,no,no,no,no,,,,,responde sem erro de servidor; recusa quem a classe não autoriza,404 não encontrou o objeto inexistente informado,handler executado,PASS,docs/execution/TEST_EVIDENCE.md
post_v1_auth_reauth,POST,/v1/auth/reauth,usuario_sem_organizacao,no,yes,yes,yes,yes,yes,yes,yes,yes,yes,no,system,schema_422,n/a,20/900s,yes,no,no,no,,,,,responde sem erro de servidor; recusa quem a classe não autoriza,422 recusou o corpo incompleto,recusada pelo schema antes do handler,PASS,docs/execution/TEST_EVIDENCE.md
post_v1_auth_refresh,POST,/v1/auth/refresh,publica,yes,yes,yes,yes,yes,yes,yes,yes,yes,yes,no,n/a,schema_422,n/a,120/900s,no,no,no,no,,,,,responde sem erro de servidor; recusa quem a classe não autoriza,401 exigiu sessão,handler executado,PASS,docs/execution/TEST_EVIDENCE.md
post_v1_auth_register,POST,/v1/auth/register,publica,yes,yes,yes,yes,yes,yes,yes,yes,yes,yes,no,n/a,schema_422,n/a,10/3600s,no,no,no,no,,,,,responde sem erro de servidor; recusa quem a classe não autoriza,422 recusou o corpo incompleto,recusada pelo schema antes do handler,PASS,docs/execution/TEST_EVIDENCE.md
post_v1_auth_resend-verification,POST,/v1/auth/resend-verification,usuario_sem_organizacao,no,yes,yes,yes,yes,yes,yes,yes,yes,yes,no,system,n/a,n/a,5/3600s,no,no,no,no,,,,,responde sem erro de servidor; recusa quem a classe não autoriza,200 respondeu,handler executado,PASS,docs/execution/TEST_EVIDENCE.md
post_v1_auth_reset-password,POST,/v1/auth/reset-password,publica,yes,yes,yes,yes,yes,yes,yes,yes,yes,yes,no,n/a,schema_422,n/a,10/3600s,no,no,no,no,,,,,responde sem erro de servidor; recusa quem a classe não autoriza,422 recusou o corpo incompleto,recusada pelo schema antes do handler,PASS,docs/execution/TEST_EVIDENCE.md
get_v1_auth_sessions,GET,/v1/auth/sessions,usuario_sem_organizacao,no,yes,yes,yes,yes,yes,yes,yes,yes,yes,no,system,n/a,n/a,no,no,no,no,no,,,,,responde sem erro de servidor; recusa quem a classe não autoriza,200 respondeu,handler executado,PASS,docs/execution/TEST_EVIDENCE.md
delete_v1_auth_sessions_session_id,DELETE,/v1/auth/sessions/{session_id},usuario_sem_organizacao,no,yes,yes,yes,yes,yes,yes,yes,yes,yes,no,system,n/a,404,no,yes,no,no,no,,,,,responde sem erro de servidor; recusa quem a classe não autoriza,404 não encontrou o objeto inexistente informado,handler executado,PASS,docs/execution/TEST_EVIDENCE.md
post_v1_auth_verify-email,POST,/v1/auth/verify-email,publica,yes,yes,yes,yes,yes,yes,yes,yes,yes,yes,no,n/a,schema_422,n/a,30/900s,no,no,no,no,,,,,responde sem erro de servidor; recusa quem a classe não autoriza,422 recusou o corpo incompleto,recusada pelo schema antes do handler,PASS,docs/execution/TEST_EVIDENCE.md
get_v1_badges,GET,/v1/badges,organizacao,no,no,yes,yes,yes,yes,yes,yes,yes,yes,no,rls,n/a,n/a,no,no,no,no,no,,,viewer,,responde sem erro de servidor; recusa quem a classe não autoriza,200 respondeu,handler executado,PASS,docs/execution/TEST_EVIDENCE.md
get_v1_billing,GET,/v1/billing,organizacao,no,no,yes,yes,yes,yes,yes,yes,yes,yes,no,rls,n/a,n/a,no,no,no,no,no,,,viewer,,responde sem erro de servidor; recusa quem a classe não autoriza,200 respondeu,handler executado,PASS,docs/execution/TEST_EVIDENCE.md
get_v1_calls,GET,/v1/calls,organizacao,no,no,yes,yes,yes,yes,yes,yes,yes,yes,no,rls,schema_422,n/a,no,no,no,no,no,,,viewer,,responde sem erro de servidor; recusa quem a classe não autoriza,200 respondeu,handler executado,PASS,docs/execution/TEST_EVIDENCE.md
post_v1_calls,POST,/v1/calls,organizacao_tipo_e_papel,no,no,kind,kind,kind,kind,kind,kind,kind,kind,no,rls,schema_422,n/a,no,yes,no,no,no,,,manager,company|government,responde sem erro de servidor; recusa quem a classe não autoriza,422 recusou o corpo incompleto,recusada pelo schema antes do handler,PASS,docs/execution/TEST_EVIDENCE.md
get_v1_calls_recommended,GET,/v1/calls/recommended,organizacao_tipo_e_papel,no,no,kind,kind,kind,kind,kind,kind,kind,kind,no,rls,schema_422,n/a,no,no,no,no,no,,,viewer,osc,responde sem erro de servidor; recusa quem a classe não autoriza,200 respondeu,handler executado,PASS,docs/execution/TEST_EVIDENCE.md
get_v1_calls_call_id,GET,/v1/calls/{call_id},organizacao,no,no,yes,yes,yes,yes,yes,yes,yes,yes,no,rls,schema_422,404,no,no,no,no,no,,,viewer,,responde sem erro de servidor; recusa quem a classe não autoriza,200 respondeu,handler executado,PASS,docs/execution/TEST_EVIDENCE.md
put_v1_calls_call_id,PUT,/v1/calls/{call_id},organizacao_tipo_e_papel,no,no,kind,kind,kind,kind,kind,kind,kind,kind,no,rls,schema_422,404,no,yes,no,no,no,,,manager,company|government,responde sem erro de servidor; recusa quem a classe não autoriza,422 recusou o corpo incompleto,recusada pelo schema antes do handler,PASS,docs/execution/TEST_EVIDENCE.md
get_v1_calls_call_id_applications,GET,/v1/calls/{call_id}/applications,organizacao_tipo_e_papel,no,no,kind,kind,kind,kind,kind,kind,kind,kind,no,rls,schema_422,404,no,no,no,no,no,,,analyst,company|government,responde sem erro de servidor; recusa quem a classe não autoriza,200 respondeu,handler executado,PASS,docs/execution/TEST_EVIDENCE.md
get_v1_campaigns,GET,/v1/campaigns,organizacao,no,no,yes,yes,yes,yes,yes,yes,yes,yes,no,rls,schema_422,n/a,no,no,no,no,no,,,viewer,,responde sem erro de servidor; recusa quem a classe não autoriza,200 respondeu,handler executado,PASS,docs/execution/TEST_EVIDENCE.md
post_v1_campaigns,POST,/v1/campaigns,organizacao_por_papel,no,no,no,no,no,yes,yes,yes,role,role,no,rls,schema_422,n/a,no,yes,no,no,no,,,manager,,responde sem erro de servidor; recusa quem a classe não autoriza,422 recusou o corpo incompleto,recusada pelo schema antes do handler,PASS,docs/execution/TEST_EVIDENCE.md
patch_v1_campaigns_campaign_id,PATCH,/v1/campaigns/{campaign_id},organizacao_por_papel,no,no,no,no,no,yes,yes,yes,role,role,no,rls,schema_422,404,no,yes,no,no,no,,,manager,,responde sem erro de servidor; recusa quem a classe não autoriza,422 recusou o corpo incompleto,recusada pelo schema antes do handler,PASS,docs/execution/TEST_EVIDENCE.md
get_v1_claims,GET,/v1/claims,organizacao,no,no,yes,yes,yes,yes,yes,yes,yes,yes,no,rls,schema_422,n/a,no,no,no,no,no,,,viewer,,responde sem erro de servidor; recusa quem a classe não autoriza,200 respondeu,handler executado,PASS,docs/execution/TEST_EVIDENCE.md
post_v1_claims,POST,/v1/claims,organizacao_por_papel,no,no,no,no,no,yes,yes,yes,role,role,no,rls,schema_422,n/a,no,yes,no,no,no,,,manager,,responde sem erro de servidor; recusa quem a classe não autoriza,422 recusou o corpo incompleto,recusada pelo schema antes do handler,PASS,docs/execution/TEST_EVIDENCE.md
get_v1_claims_review-requests,GET,/v1/claims/review-requests,organizacao,no,no,yes,yes,yes,yes,yes,yes,yes,yes,no,rls,n/a,n/a,no,no,no,no,no,,,viewer,,responde sem erro de servidor; recusa quem a classe não autoriza,200 respondeu,handler executado,PASS,docs/execution/TEST_EVIDENCE.md
get_v1_claims_rules,GET,/v1/claims/rules,usuario_sem_organizacao,no,yes,yes,yes,yes,yes,yes,yes,yes,yes,no,system,n/a,n/a,no,no,no,no,no,,,,,responde sem erro de servidor; recusa quem a classe não autoriza,200 respondeu,handler executado,PASS,docs/execution/TEST_EVIDENCE.md
get_v1_claims_claim_id,GET,/v1/claims/{claim_id},organizacao,no,no,yes,yes,yes,yes,yes,yes,yes,yes,no,rls,n/a,404,no,no,no,no,no,,,viewer,,responde sem erro de servidor; recusa quem a classe não autoriza,404 não encontrou o objeto inexistente informado,handler executado,PASS,docs/execution/TEST_EVIDENCE.md
post_v1_claims_claim_id_check,POST,/v1/claims/{claim_id}/check,organizacao_por_papel,no,no,no,no,no,yes,yes,yes,role,role,no,rls,n/a,404,no,yes,no,no,no,,,manager,,responde sem erro de servidor; recusa quem a classe não autoriza,404 não encontrou o objeto inexistente informado,handler executado,PASS,docs/execution/TEST_EVIDENCE.md
post_v1_claims_claim_id_review,POST,/v1/claims/{claim_id}/review,organizacao_por_papel,no,no,no,no,no,yes,yes,yes,role,role,no,rls,schema_422,404,no,yes,no,no,no,,,manager,,responde sem erro de servidor; recusa quem a classe não autoriza,422 recusou o corpo incompleto,recusada pelo schema antes do handler,PASS,docs/execution/TEST_EVIDENCE.md
post_v1_claims_claim_id_review-requests,POST,/v1/claims/{claim_id}/review-requests,organizacao_por_papel,no,no,no,no,no,yes,yes,yes,role,role,no,rls,schema_422,404,no,yes,no,no,no,,,manager,,responde sem erro de servidor; recusa quem a classe não autoriza,422 recusou o corpo incompleto,recusada pelo schema antes do handler,PASS,docs/execution/TEST_EVIDENCE.md
post_v1_claims_claim_id_withdraw,POST,/v1/claims/{claim_id}/withdraw,organizacao_por_papel,no,no,no,no,no,yes,yes,yes,role,role,no,rls,schema_422,404,no,yes,no,no,no,,,manager,,responde sem erro de servidor; recusa quem a classe não autoriza,422 recusou o corpo incompleto,recusada pelo schema antes do handler,PASS,docs/execution/TEST_EVIDENCE.md
get_v1_commercial_acceptances,GET,/v1/commercial/acceptances,organizacao,no,no,yes,yes,yes,yes,yes,yes,yes,yes,no,rls,n/a,n/a,no,no,no,no,no,,,,,responde sem erro de servidor; recusa quem a classe não autoriza,200 respondeu,handler executado,PASS,docs/execution/TEST_EVIDENCE.md
post_v1_commercial_consent_revoke,POST,/v1/commercial/consent/revoke,organizacao,no,no,yes,yes,yes,yes,yes,yes,yes,yes,no,rls,schema_422,n/a,no,yes,no,no,no,,,,,responde sem erro de servidor; recusa quem a classe não autoriza,422 recusou o corpo incompleto,recusada pelo schema antes do handler,PASS,docs/execution/TEST_EVIDENCE.md
get_v1_commercial_offers,GET,/v1/commercial/offers,organizacao,no,no,yes,yes,yes,yes,yes,yes,yes,yes,no,rls,n/a,n/a,no,no,no,no,no,,,,,responde sem erro de servidor; recusa quem a classe não autoriza,200 respondeu,handler executado,PASS,docs/execution/TEST_EVIDENCE.md
post_v1_commercial_offers_offer_id_accept,POST,/v1/commercial/offers/{offer_id}/accept,organizacao,no,no,yes,yes,yes,yes,yes,yes,yes,yes,no,rls,schema_422,404,60/3600s,yes,no,no,no,,,,,responde sem erro de servidor; recusa quem a classe não autoriza,422 recusou o corpo incompleto,recusada pelo schema antes do handler,PASS,docs/execution/TEST_EVIDENCE.md
put_v1_commercial_spend-limit,PUT,/v1/commercial/spend-limit,organizacao,no,no,yes,yes,yes,yes,yes,yes,yes,yes,no,rls,schema_422,n/a,no,yes,no,no,no,,,,,responde sem erro de servidor; recusa quem a classe não autoriza,200 respondeu,handler executado,PASS,docs/execution/TEST_EVIDENCE.md
get_v1_commercial_state,GET,/v1/commercial/state,organizacao,no,no,yes,yes,yes,yes,yes,yes,yes,yes,no,rls,n/a,n/a,no,no,no,no,no,,,,,responde sem erro de servidor; recusa quem a classe não autoriza,200 respondeu,handler executado,PASS,docs/execution/TEST_EVIDENCE.md
get_v1_commercial_usage,GET,/v1/commercial/usage,organizacao,no,no,yes,yes,yes,yes,yes,yes,yes,yes,no,rls,n/a,n/a,no,no,no,no,no,,,,,responde sem erro de servidor; recusa quem a classe não autoriza,200 respondeu,handler executado,PASS,docs/execution/TEST_EVIDENCE.md
post_v1_commitments_commitment_id_payments,POST,/v1/commitments/{commitment_id}/payments,organizacao_tipo_e_papel,no,no,kind,kind,kind,kind,kind,kind,kind,kind,no,rls,schema_422,404,no,yes,no,no,no,,,manager,company|government|individual,responde sem erro de servidor; recusa quem a classe não autoriza,422 recusou o corpo incompleto,recusada pelo schema antes do handler,PASS,docs/execution/TEST_EVIDENCE.md
post_v1_commitments_commitment_id_status,POST,/v1/commitments/{commitment_id}/status,organizacao_por_papel,no,no,no,no,no,yes,yes,yes,role,role,no,rls,schema_422,404,no,yes,yes,no,no,,,manager,,responde sem erro de servidor; recusa quem a classe não autoriza,422 recusou o corpo incompleto,recusada pelo schema antes do handler,PASS,docs/execution/TEST_EVIDENCE.md
get_v1_compliance,GET,/v1/compliance,organizacao,no,no,yes,yes,yes,yes,yes,yes,yes,yes,no,rls,n/a,n/a,no,no,no,no,no,,,viewer,,responde sem erro de servidor; recusa quem a classe não autoriza,200 respondeu,handler executado,PASS,docs/execution/TEST_EVIDENCE.md
post_v1_compliance_request-review,POST,/v1/compliance/request-review,organizacao_por_papel,no,no,no,no,no,no,yes,yes,role,role,no,rls,n/a,n/a,no,no,no,no,no,,,admin,,responde sem erro de servidor; recusa quem a classe não autoriza,200 respondeu,handler executado,PASS,docs/execution/TEST_EVIDENCE.md
get_v1_conta_denuncias,GET,/v1/conta/denuncias,organizacao_por_papel,no,no,no,no,no,no,yes,yes,role,role,no,rls,n/a,n/a,no,no,no,no,no,,,admin,,responde sem erro de servidor; recusa quem a classe não autoriza,200 respondeu,handler executado,PASS,docs/execution/TEST_EVIDENCE.md
post_v1_conta_denuncias_report_id_manifestacao,POST,/v1/conta/denuncias/{report_id}/manifestacao,organizacao_por_papel,no,no,no,no,no,no,yes,yes,role,role,no,rls,schema_422,404,no,yes,no,no,no,,,admin,,responde sem erro de servidor; recusa quem a classe não autoriza,422 recusou o corpo incompleto,recusada pelo schema antes do handler,PASS,docs/execution/TEST_EVIDENCE.md
post_v1_conta_denuncias_report_id_recurso,POST,/v1/conta/denuncias/{report_id}/recurso,organizacao_por_papel,no,no,no,no,no,no,yes,yes,role,role,no,rls,schema_422,404,no,yes,no,no,no,,,admin,,responde sem erro de servidor; recusa quem a classe não autoriza,422 recusou o corpo incompleto,recusada pelo schema antes do handler,PASS,docs/execution/TEST_EVIDENCE.md
get_v1_conta_moderacao,GET,/v1/conta/moderacao,organizacao_por_papel,no,no,no,no,no,no,yes,yes,role,role,no,rls,n/a,n/a,no,no,no,no,no,,,admin,,responde sem erro de servidor; recusa quem a classe não autoriza,200 respondeu,handler executado,PASS,docs/execution/TEST_EVIDENCE.md
post_v1_conta_moderacao_action_id_contestar,POST,/v1/conta/moderacao/{action_id}/contestar,organizacao_por_papel,no,no,no,no,no,no,yes,yes,role,role,no,rls,schema_422,404,no,yes,no,no,no,,,admin,,responde sem erro de servidor; recusa quem a classe não autoriza,422 recusou o corpo incompleto,recusada pelo schema antes do handler,PASS,docs/execution/TEST_EVIDENCE.md
post_v1_contabilidade_batches,POST,/v1/contabilidade/batches,plataforma_com_permissao,no,no,no,no,no,no,no,no,no,perm,yes,system,schema_422,n/a,no,yes,no,no,no,,accounting.write,,,responde sem erro de servidor; recusa quem a classe não autoriza,422 recusou o corpo incompleto,recusada pelo schema antes do handler,PASS,docs/execution/TEST_EVIDENCE.md
get_v1_contabilidade_chart,GET,/v1/contabilidade/chart,plataforma_com_permissao,no,no,no,no,no,no,no,no,no,perm,yes,system,n/a,n/a,no,no,no,no,no,,accounting.read,,,responde sem erro de servidor; recusa quem a classe não autoriza,200 respondeu,handler executado,PASS,docs/execution/TEST_EVIDENCE.md
post_v1_contabilidade_close,POST,/v1/contabilidade/close,plataforma_com_permissao,no,no,no,no,no,no,no,no,no,perm,yes,system,schema_422,n/a,no,yes,no,no,no,,accounting.close,,,responde sem erro de servidor; recusa quem a classe não autoriza,422 recusou o corpo incompleto,recusada pelo schema antes do handler,PASS,docs/execution/TEST_EVIDENCE.md
get_v1_contabilidade_summary,GET,/v1/contabilidade/summary,plataforma_com_permissao,no,no,no,no,no,no,no,no,no,perm,yes,system,n/a,n/a,no,no,no,no,no,,accounting.read,,,responde sem erro de servidor; recusa quem a classe não autoriza,200 respondeu,handler executado,PASS,docs/execution/TEST_EVIDENCE.md
post_v1_contribution-models_model_id_retire,POST,/v1/contribution-models/{model_id}/retire,organizacao_tipo_e_papel,no,no,kind,kind,kind,kind,kind,kind,kind,kind,no,rls,n/a,404,no,yes,no,no,no,,,manager,osc,responde sem erro de servidor; recusa quem a classe não autoriza,404 não encontrou o objeto inexistente informado,handler executado,PASS,docs/execution/TEST_EVIDENCE.md
post_v1_contribution-models_model_id_submit,POST,/v1/contribution-models/{model_id}/submit,organizacao_tipo_e_papel,no,no,kind,kind,kind,kind,kind,kind,kind,kind,no,rls,n/a,404,no,yes,no,no,no,,,manager,osc,responde sem erro de servidor; recusa quem a classe não autoriza,404 não encontrou o objeto inexistente informado,handler executado,PASS,docs/execution/TEST_EVIDENCE.md
get_v1_control-tower_funder,GET,/v1/control-tower/funder,organizacao_tipo_e_papel,no,no,kind,kind,kind,kind,kind,kind,kind,kind,no,rls,n/a,n/a,no,no,no,no,no,,,viewer,company|individual,responde sem erro de servidor; recusa quem a classe não autoriza,200 respondeu,handler executado,PASS,docs/execution/TEST_EVIDENCE.md
get_v1_control-tower_government,GET,/v1/control-tower/government,organizacao_tipo_e_papel,no,no,kind,kind,kind,kind,kind,kind,kind,kind,no,rls,schema_422,n/a,no,no,no,no,no,,,viewer,government|platform,responde sem erro de servidor; recusa quem a classe não autoriza,200 respondeu,handler executado,PASS,docs/execution/TEST_EVIDENCE.md
get_v1_control-tower_master,GET,/v1/control-tower/master,plataforma_com_permissao,no,no,no,no,no,no,no,no,no,perm,yes,system,n/a,n/a,no,no,no,no,no,,finance.read,,,responde sem erro de servidor; recusa quem a classe não autoriza,200 respondeu,handler executado,PASS,docs/execution/TEST_EVIDENCE.md
get_v1_controladoria_reconciliation,GET,/v1/controladoria/reconciliation,plataforma_com_permissao,no,no,no,no,no,no,no,no,no,perm,yes,system,n/a,n/a,no,no,no,no,no,,finance.read,,,responde sem erro de servidor; recusa quem a classe não autoriza,200 respondeu,handler executado,PASS,docs/execution/TEST_EVIDENCE.md
get_v1_controladoria_summary,GET,/v1/controladoria/summary,plataforma_com_permissao,no,no,no,no,no,no,no,no,no,perm,yes,system,n/a,n/a,no,no,no,no,no,,metrics.read,,,responde sem erro de servidor; recusa quem a classe não autoriza,200 respondeu,handler executado,PASS,docs/execution/TEST_EVIDENCE.md
get_v1_conversations,GET,/v1/conversations,organizacao,no,no,yes,yes,yes,yes,yes,yes,yes,yes,no,rls,schema_422,n/a,no,no,no,no,no,,,viewer,,responde sem erro de servidor; recusa quem a classe não autoriza,200 respondeu,handler executado,PASS,docs/execution/TEST_EVIDENCE.md
post_v1_conversations,POST,/v1/conversations,organizacao_por_papel,no,no,no,yes,yes,yes,yes,yes,role,role,no,rls,schema_422,n/a,no,yes,no,no,no,,,member,,responde sem erro de servidor; recusa quem a classe não autoriza,422 recusou o corpo incompleto,recusada pelo schema antes do handler,PASS,docs/execution/TEST_EVIDENCE.md
get_v1_conversations_unread,GET,/v1/conversations/unread,organizacao,no,no,yes,yes,yes,yes,yes,yes,yes,yes,no,rls,n/a,n/a,no,no,no,no,no,,,viewer,,responde sem erro de servidor; recusa quem a classe não autoriza,200 respondeu,handler executado,PASS,docs/execution/TEST_EVIDENCE.md
get_v1_conversations_conversation_id,GET,/v1/conversations/{conversation_id},organizacao,no,no,yes,yes,yes,yes,yes,yes,yes,yes,no,rls,schema_422,404,no,no,no,no,no,,,viewer,,responde sem erro de servidor; recusa quem a classe não autoriza,404 não encontrou o objeto inexistente informado,handler executado,PASS,docs/execution/TEST_EVIDENCE.md
post_v1_conversations_conversation_id_messages,POST,/v1/conversations/{conversation_id}/messages,organizacao_por_papel,no,no,no,yes,yes,yes,yes,yes,role,role,no,rls,schema_422,404,60/60s,no,no,no,no,,,member,,responde sem erro de servidor; recusa quem a classe não autoriza,422 recusou o corpo incompleto,recusada pelo schema antes do handler,PASS,docs/execution/TEST_EVIDENCE.md
post_v1_conversations_conversation_id_read,POST,/v1/conversations/{conversation_id}/read,organizacao,no,no,yes,yes,yes,yes,yes,yes,yes,yes,no,rls,n/a,404,no,no,no,no,no,,,viewer,,responde sem erro de servidor; recusa quem a classe não autoriza,404 não encontrou o objeto inexistente informado,handler executado,PASS,docs/execution/TEST_EVIDENCE.md
put_v1_conversations_conversation_id_status,PUT,/v1/conversations/{conversation_id}/status,organizacao_por_papel,no,no,no,yes,yes,yes,yes,yes,role,role,no,rls,schema_422,404,no,no,no,no,no,,,member,,responde sem erro de servidor; recusa quem a classe não autoriza,422 recusou o corpo incompleto,recusada pelo schema antes do handler,PASS,docs/execution/TEST_EVIDENCE.md
get_v1_dashboard,GET,/v1/dashboard,organizacao,no,no,yes,yes,yes,yes,yes,yes,yes,yes,no,rls,n/a,n/a,no,no,no,no,no,,,viewer,,responde sem erro de servidor; recusa quem a classe não autoriza,200 respondeu,handler executado,PASS,docs/execution/TEST_EVIDENCE.md
get_v1_data-quality_vocabulary,GET,/v1/data-quality/vocabulary,usuario_sem_organizacao,no,yes,yes,yes,yes,yes,yes,yes,yes,yes,no,system,n/a,n/a,no,no,no,no,no,,,,,responde sem erro de servidor; recusa quem a classe não autoriza,200 respondeu,handler executado,PASS,docs/execution/TEST_EVIDENCE.md
get_v1_datasets,GET,/v1/datasets,usuario_sem_organizacao,no,yes,yes,yes,yes,yes,yes,yes,yes,yes,no,system,n/a,n/a,no,no,no,no,no,,,,,responde sem erro de servidor; recusa quem a classe não autoriza,200 respondeu,handler executado,PASS,docs/execution/TEST_EVIDENCE.md
get_v1_determinants,GET,/v1/determinants,organizacao_tipo_e_papel,no,no,kind,kind,kind,kind,kind,kind,kind,kind,no,rls,schema_422,n/a,no,no,no,no,no,,,viewer,government|company|individual|platform,responde sem erro de servidor; recusa quem a classe não autoriza,200 respondeu,handler executado,PASS,docs/execution/TEST_EVIDENCE.md
get_v1_diagnoses,GET,/v1/diagnoses,organizacao_tipo_e_papel,no,no,kind,kind,kind,kind,kind,kind,kind,kind,no,rls,schema_422,n/a,no,no,no,no,no,,,viewer,osc,responde sem erro de servidor; recusa quem a classe não autoriza,200 respondeu,handler executado,PASS,docs/execution/TEST_EVIDENCE.md
post_v1_diagnoses,POST,/v1/diagnoses,organizacao_tipo_e_papel,no,no,kind,kind,kind,kind,kind,kind,kind,kind,no,rls,schema_422,n/a,no,yes,no,no,no,,,member,osc,responde sem erro de servidor; recusa quem a classe não autoriza,422 recusou o corpo incompleto,recusada pelo schema antes do handler,PASS,docs/execution/TEST_EVIDENCE.md
get_v1_diagnoses_diagnosis_id,GET,/v1/diagnoses/{diagnosis_id},organizacao_tipo_e_papel,no,no,kind,kind,kind,kind,kind,kind,kind,kind,no,rls,n/a,404,no,no,no,no,no,,,viewer,osc,responde sem erro de servidor; recusa quem a classe não autoriza,404 não encontrou o objeto inexistente informado,handler executado,PASS,docs/execution/TEST_EVIDENCE.md
put_v1_diagnoses_diagnosis_id,PUT,/v1/diagnoses/{diagnosis_id},organizacao_tipo_e_papel,no,no,kind,kind,kind,kind,kind,kind,kind,kind,no,rls,schema_422,404,no,no,no,no,no,,,member,osc,responde sem erro de servidor; recusa quem a classe não autoriza,422 recusou o corpo incompleto,recusada pelo schema antes do handler,PASS,docs/execution/TEST_EVIDENCE.md
get_v1_diagnoses_diagnosis_id_actions,GET,/v1/diagnoses/{diagnosis_id}/actions,organizacao_tipo_e_papel,no,no,kind,kind,kind,kind,kind,kind,kind,kind,no,rls,schema_422,404,no,no,no,no,no,,,viewer,osc,responde sem erro de servidor; recusa quem a classe não autoriza,404 não encontrou o objeto inexistente informado,handler executado,PASS,docs/execution/TEST_EVIDENCE.md
post_v1_diagnoses_diagnosis_id_actions,POST,/v1/diagnoses/{diagnosis_id}/actions,organizacao_tipo_e_papel,no,no,kind,kind,kind,kind,kind,kind,kind,kind,no,rls,schema_422,404,no,yes,no,no,no,,,member,osc,responde sem erro de servidor; recusa quem a classe não autoriza,422 recusou o corpo incompleto,recusada pelo schema antes do handler,PASS,docs/execution/TEST_EVIDENCE.md
put_v1_diagnoses_diagnosis_id_actions_action_id,PUT,/v1/diagnoses/{diagnosis_id}/actions/{action_id},organizacao_tipo_e_papel,no,no,kind,kind,kind,kind,kind,kind,kind,kind,no,rls,schema_422,404,no,yes,yes,no,no,,,member,osc,responde sem erro de servidor; recusa quem a classe não autoriza,422 recusou o corpo incompleto,recusada pelo schema antes do handler,PASS,docs/execution/TEST_EVIDENCE.md
get_v1_diagnoses_diagnosis_id_analysis,GET,/v1/diagnoses/{diagnosis_id}/analysis,organizacao_tipo_e_papel,no,no,kind,kind,kind,kind,kind,kind,kind,kind,no,rls,n/a,404,no,no,no,no,no,,,viewer,osc,responde sem erro de servidor; recusa quem a classe não autoriza,404 não encontrou o objeto inexistente informado,handler executado,PASS,docs/execution/TEST_EVIDENCE.md
post_v1_diagnoses_diagnosis_id_apply,POST,/v1/diagnoses/{diagnosis_id}/apply,organizacao_tipo_e_papel,no,no,kind,kind,kind,kind,kind,kind,kind,kind,no,rls,n/a,404,no,yes,no,no,no,,,member,osc,responde sem erro de servidor; recusa quem a classe não autoriza,404 não encontrou o objeto inexistente informado,handler executado,PASS,docs/execution/TEST_EVIDENCE.md
get_v1_diagnoses_diagnosis_id_guide,GET,/v1/diagnoses/{diagnosis_id}/guide,organizacao,no,no,yes,yes,yes,yes,yes,yes,yes,yes,no,rls,n/a,404,no,no,no,no,no,,,viewer,,responde sem erro de servidor; recusa quem a classe não autoriza,404 não encontrou o objeto inexistente informado,handler executado,PASS,docs/execution/TEST_EVIDENCE.md
put_v1_diagnoses_diagnosis_id_guide_stage_code,PUT,/v1/diagnoses/{diagnosis_id}/guide/{stage_code},organizacao_por_papel,no,no,no,no,no,yes,yes,yes,role,role,no,rls,schema_422,404,no,yes,no,no,no,,,manager,,responde sem erro de servidor; recusa quem a classe não autoriza,404 não encontrou o objeto inexistente informado,handler executado,PASS,docs/execution/TEST_EVIDENCE.md
get_v1_diagnoses_diagnosis_id_versions,GET,/v1/diagnoses/{diagnosis_id}/versions,organizacao_tipo_e_papel,no,no,kind,kind,kind,kind,kind,kind,kind,kind,no,rls,n/a,404,no,no,no,no,no,,,viewer,osc,responde sem erro de servidor; recusa quem a classe não autoriza,404 não encontrou o objeto inexistente informado,handler executado,PASS,docs/execution/TEST_EVIDENCE.md
post_v1_diagnoses_diagnosis_id_versions,POST,/v1/diagnoses/{diagnosis_id}/versions,organizacao_tipo_e_papel,no,no,kind,kind,kind,kind,kind,kind,kind,kind,no,rls,n/a,404,no,yes,no,no,no,,,member,osc,responde sem erro de servidor; recusa quem a classe não autoriza,404 não encontrou o objeto inexistente informado,handler executado,PASS,docs/execution/TEST_EVIDENCE.md
get_v1_diagnoses_diagnosis_id_versions_compare,GET,/v1/diagnoses/{diagnosis_id}/versions/compare,organizacao_tipo_e_papel,no,no,kind,kind,kind,kind,kind,kind,kind,kind,no,rls,schema_422,404,no,no,no,no,no,,,viewer,osc,responde sem erro de servidor; recusa quem a classe não autoriza,422 recusou o corpo incompleto,recusada pelo schema antes do handler,PASS,docs/execution/TEST_EVIDENCE.md
get_v1_diagnoses_diagnosis_id_versions_version,GET,/v1/diagnoses/{diagnosis_id}/versions/{version},organizacao_tipo_e_papel,no,no,kind,kind,kind,kind,kind,kind,kind,kind,no,rls,n/a,404,no,no,no,no,no,,,viewer,osc,responde sem erro de servidor; recusa quem a classe não autoriza,422 recusou o corpo incompleto,recusada pelo schema antes do handler,PASS,docs/execution/TEST_EVIDENCE.md
get_v1_diagnostic-engine,GET,/v1/diagnostic-engine,organizacao,no,no,yes,yes,yes,yes,yes,yes,yes,yes,no,rls,n/a,n/a,no,no,no,no,no,,,viewer,,responde sem erro de servidor; recusa quem a classe não autoriza,200 respondeu,handler executado,PASS,docs/execution/TEST_EVIDENCE.md
get_v1_directory_professionals,GET,/v1/directory/professionals,organizacao,no,no,yes,yes,yes,yes,yes,yes,yes,yes,no,rls,schema_422,n/a,no,no,no,no,no,,,viewer,,responde sem erro de servidor; recusa quem a classe não autoriza,200 respondeu,handler executado,PASS,docs/execution/TEST_EVIDENCE.md
get_v1_directory_services,GET,/v1/directory/services,organizacao,no,no,yes,yes,yes,yes,yes,yes,yes,yes,no,rls,schema_422,n/a,no,no,no,no,no,,,viewer,,responde sem erro de servidor; recusa quem a classe não autoriza,200 respondeu,handler executado,PASS,docs/execution/TEST_EVIDENCE.md
get_v1_document-assemblies,GET,/v1/document-assemblies,organizacao,no,no,yes,yes,yes,yes,yes,yes,yes,yes,no,rls,schema_422,n/a,no,no,no,no,no,,,viewer,,responde sem erro de servidor; recusa quem a classe não autoriza,200 respondeu,handler executado,PASS,docs/execution/TEST_EVIDENCE.md
post_v1_document-assemblies,POST,/v1/document-assemblies,organizacao_por_papel,no,no,no,yes,yes,yes,yes,yes,role,role,no,rls,schema_422,n/a,no,yes,no,no,no,,,member,,responde sem erro de servidor; recusa quem a classe não autoriza,422 recusou o corpo incompleto,recusada pelo schema antes do handler,PASS,docs/execution/TEST_EVIDENCE.md
get_v1_document-assemblies_assembly_id,GET,/v1/document-assemblies/{assembly_id},organizacao,no,no,yes,yes,yes,yes,yes,yes,yes,yes,no,rls,n/a,404,no,no,no,no,no,,,viewer,,responde sem erro de servidor; recusa quem a classe não autoriza,404 não encontrou o objeto inexistente informado,handler executado,PASS,docs/execution/TEST_EVIDENCE.md
put_v1_document-assemblies_assembly_id,PUT,/v1/document-assemblies/{assembly_id},organizacao_por_papel,no,no,no,yes,yes,yes,yes,yes,role,role,no,rls,schema_422,404,no,yes,no,no,no,,,member,,responde sem erro de servidor; recusa quem a classe não autoriza,422 recusou o corpo incompleto,recusada pelo schema antes do handler,PASS,docs/execution/TEST_EVIDENCE.md
post_v1_document-assemblies_assembly_id_generate,POST,/v1/document-assemblies/{assembly_id}/generate,organizacao_por_papel,no,no,no,yes,yes,yes,yes,yes,role,role,no,rls,schema_422,404,no,yes,no,no,no,,,member,,responde sem erro de servidor; recusa quem a classe não autoriza,404 não encontrou o objeto inexistente informado,handler executado,PASS,docs/execution/TEST_EVIDENCE.md
post_v1_document-assemblies_assembly_id_review,POST,/v1/document-assemblies/{assembly_id}/review,organizacao_por_papel,no,no,no,yes,yes,yes,yes,yes,role,role,no,rls,schema_422,404,no,yes,no,no,no,,,member,,responde sem erro de servidor; recusa quem a classe não autoriza,422 recusou o corpo incompleto,recusada pelo schema antes do handler,PASS,docs/execution/TEST_EVIDENCE.md
get_v1_document-assembly-reference,GET,/v1/document-assembly-reference,organizacao,no,no,yes,yes,yes,yes,yes,yes,yes,yes,no,rls,n/a,n/a,no,no,no,no,no,,,viewer,,responde sem erro de servidor; recusa quem a classe não autoriza,200 respondeu,handler executado,PASS,docs/execution/TEST_EVIDENCE.md
get_v1_document-templates,GET,/v1/document-templates,organizacao,no,no,yes,yes,yes,yes,yes,yes,yes,yes,no,rls,schema_422,n/a,no,no,no,no,no,,,viewer,,responde sem erro de servidor; recusa quem a classe não autoriza,200 respondeu,handler executado,PASS,docs/execution/TEST_EVIDENCE.md
post_v1_document-templates,POST,/v1/document-templates,organizacao_por_papel,no,no,no,no,no,no,yes,yes,role,role,no,rls,schema_422,n/a,no,yes,no,no,no,,,admin,,responde sem erro de servidor; recusa quem a classe não autoriza,422 recusou o corpo incompleto,recusada pelo schema antes do handler,PASS,docs/execution/TEST_EVIDENCE.md
get_v1_document-templates_template_id,GET,/v1/document-templates/{template_id},organizacao,no,no,yes,yes,yes,yes,yes,yes,yes,yes,no,rls,n/a,404,no,no,no,no,no,,,viewer,,responde sem erro de servidor; recusa quem a classe não autoriza,404 não encontrou o objeto inexistente informado,handler executado,PASS,docs/execution/TEST_EVIDENCE.md
post_v1_document-templates_template_id_fields,POST,/v1/document-templates/{template_id}/fields,organizacao_por_papel,no,no,no,no,no,no,yes,yes,role,role,no,rls,schema_422,404,no,yes,no,no,no,,,admin,,responde sem erro de servidor; recusa quem a classe não autoriza,422 recusou o corpo incompleto,recusada pelo schema antes do handler,PASS,docs/execution/TEST_EVIDENCE.md
post_v1_document-templates_template_id_publish,POST,/v1/document-templates/{template_id}/publish,organizacao_por_papel,no,no,no,no,no,no,yes,yes,role,role,no,rls,n/a,404,no,yes,no,no,no,,,admin,,responde sem erro de servidor; recusa quem a classe não autoriza,404 não encontrou o objeto inexistente informado,handler executado,PASS,docs/execution/TEST_EVIDENCE.md
get_v1_documents,GET,/v1/documents,organizacao,no,no,yes,yes,yes,yes,yes,yes,yes,yes,no,rls,schema_422,n/a,no,no,no,no,no,,,viewer,,responde sem erro de servidor; recusa quem a classe não autoriza,200 respondeu,handler executado,PASS,docs/execution/TEST_EVIDENCE.md
post_v1_documents,POST,/v1/documents,organizacao_por_papel,no,no,no,yes,yes,yes,yes,yes,role,role,no,rls,n/a,n/a,120/3600s,yes,no,yes,no,,,member,,responde sem erro de servidor; recusa quem a classe não autoriza,201 criou,handler executado,PASS,docs/execution/TEST_EVIDENCE.md
delete_v1_documents_document_id,DELETE,/v1/documents/{document_id},organizacao_por_papel,no,no,no,no,no,no,yes,yes,role,role,no,rls,n/a,404,no,yes,no,no,no,,,admin,,responde sem erro de servidor; recusa quem a classe não autoriza,204 respondeu sem corpo,handler executado,PASS,docs/execution/TEST_EVIDENCE.md
get_v1_documents_document_id,GET,/v1/documents/{document_id},organizacao,no,no,yes,yes,yes,yes,yes,yes,yes,yes,no,rls,n/a,404,no,no,no,no,no,,,viewer,,responde sem erro de servidor; recusa quem a classe não autoriza,200 respondeu,handler executado,PASS,docs/execution/TEST_EVIDENCE.md
patch_v1_documents_document_id,PATCH,/v1/documents/{document_id},organizacao_por_papel,no,no,no,yes,yes,yes,yes,yes,role,role,no,rls,schema_422,404,no,yes,no,no,no,,,member,,responde sem erro de servidor; recusa quem a classe não autoriza,200 respondeu,handler executado,PASS,docs/execution/TEST_EVIDENCE.md
post_v1_documents_document_id_download-url,POST,/v1/documents/{document_id}/download-url,organizacao,no,no,yes,yes,yes,yes,yes,yes,yes,yes,no,rls,n/a,404,no,yes,no,no,no,,,viewer,,responde sem erro de servidor; recusa quem a classe não autoriza,200 respondeu,handler executado,PASS,docs/execution/TEST_EVIDENCE.md
get_v1_documents_document_id_integrity,GET,/v1/documents/{document_id}/integrity,organizacao,no,no,yes,yes,yes,yes,yes,yes,yes,yes,no,rls,n/a,404,no,no,no,no,no,,,viewer,,responde sem erro de servidor; recusa quem a classe não autoriza,200 respondeu,handler executado,PASS,docs/execution/TEST_EVIDENCE.md
get_v1_drafts,GET,/v1/drafts,organizacao,no,no,yes,yes,yes,yes,yes,yes,yes,yes,no,rls,schema_422,n/a,no,no,no,no,no,,,viewer,,responde sem erro de servidor; recusa quem a classe não autoriza,200 respondeu,handler executado,PASS,docs/execution/TEST_EVIDENCE.md
post_v1_drafts,POST,/v1/drafts,organizacao_por_papel,no,no,no,yes,yes,yes,yes,yes,role,role,no,rls,schema_422,n/a,no,yes,no,no,no,,,member,,responde sem erro de servidor; recusa quem a classe não autoriza,422 recusou o corpo incompleto,recusada pelo schema antes do handler,PASS,docs/execution/TEST_EVIDENCE.md
get_v1_drafts_draft_id,GET,/v1/drafts/{draft_id},organizacao,no,no,yes,yes,yes,yes,yes,yes,yes,yes,no,rls,n/a,404,no,no,no,no,no,,,viewer,,responde sem erro de servidor; recusa quem a classe não autoriza,404 não encontrou o objeto inexistente informado,handler executado,PASS,docs/execution/TEST_EVIDENCE.md
patch_v1_drafts_draft_id,PATCH,/v1/drafts/{draft_id},organizacao_por_papel,no,no,no,yes,yes,yes,yes,yes,role,role,no,rls,schema_422,404,no,no,no,no,no,,,member,,responde sem erro de servidor; recusa quem a classe não autoriza,404 não encontrou o objeto inexistente informado,handler executado,PASS,docs/execution/TEST_EVIDENCE.md
post_v1_drafts_draft_id_export,POST,/v1/drafts/{draft_id}/export,organizacao_por_papel,no,no,no,yes,yes,yes,yes,yes,role,role,no,rls,schema_422,404,no,yes,no,no,no,,,member,,responde sem erro de servidor; recusa quem a classe não autoriza,404 não encontrou o objeto inexistente informado,handler executado,PASS,docs/execution/TEST_EVIDENCE.md
post_v1_drafts_draft_id_export-pdf,POST,/v1/drafts/{draft_id}/export-pdf,organizacao_por_papel,no,no,no,yes,yes,yes,yes,yes,role,role,no,rls,n/a,404,no,yes,no,no,no,,,member,,responde sem erro de servidor; recusa quem a classe não autoriza,404 não encontrou o objeto inexistente informado,handler executado,PASS,docs/execution/TEST_EVIDENCE.md
post_v1_drafts_draft_id_new-version,POST,/v1/drafts/{draft_id}/new-version,organizacao_por_papel,no,no,no,yes,yes,yes,yes,yes,role,role,no,rls,n/a,404,no,no,no,no,no,,,member,,responde sem erro de servidor; recusa quem a classe não autoriza,404 não encontrou o objeto inexistente informado,handler executado,PASS,docs/execution/TEST_EVIDENCE.md
get_v1_economic-rules,GET,/v1/economic-rules,organizacao,no,no,yes,yes,yes,yes,yes,yes,yes,yes,no,rls,n/a,n/a,no,no,no,no,no,,,viewer,,responde sem erro de servidor; recusa quem a classe não autoriza,200 respondeu,handler executado,PASS,docs/execution/TEST_EVIDENCE.md
get_v1_engines,GET,/v1/engines,usuario_sem_organizacao,no,yes,yes,yes,yes,yes,yes,yes,yes,yes,no,system,n/a,n/a,no,no,no,no,no,,,,,responde sem erro de servidor; recusa quem a classe não autoriza,200 respondeu,handler executado,PASS,docs/execution/TEST_EVIDENCE.md
get_v1_engines_coverage,GET,/v1/engines/coverage,usuario_sem_organizacao,no,yes,yes,yes,yes,yes,yes,yes,yes,yes,no,system,n/a,n/a,no,no,no,no,no,,,,,responde sem erro de servidor; recusa quem a classe não autoriza,200 respondeu,handler executado,PASS,docs/execution/TEST_EVIDENCE.md
get_v1_equity_catalog,GET,/v1/equity/catalog,usuario_sem_organizacao,no,yes,yes,yes,yes,yes,yes,yes,yes,yes,no,system,n/a,n/a,no,no,no,no,no,,,,,responde sem erro de servidor; recusa quem a classe não autoriza,200 respondeu,handler executado,PASS,docs/execution/TEST_EVIDENCE.md
post_v1_equity_compare,POST,/v1/equity/compare,organizacao,no,no,yes,yes,yes,yes,yes,yes,yes,yes,no,rls,schema_422,n/a,no,no,no,no,no,,,viewer,,responde sem erro de servidor; recusa quem a classe não autoriza,422 recusou o corpo incompleto,recusada pelo schema antes do handler,PASS,docs/execution/TEST_EVIDENCE.md
get_v1_equity_denominators,GET,/v1/equity/denominators,organizacao,no,no,yes,yes,yes,yes,yes,yes,yes,yes,no,rls,schema_422,n/a,no,no,no,no,no,,,viewer,,responde sem erro de servidor; recusa quem a classe não autoriza,200 respondeu,handler executado,PASS,docs/execution/TEST_EVIDENCE.md
post_v1_equity_denominators,POST,/v1/equity/denominators,organizacao_por_papel,no,no,no,no,no,yes,yes,yes,role,role,no,rls,schema_422,n/a,no,no,no,no,no,,,manager,,responde sem erro de servidor; recusa quem a classe não autoriza,422 recusou o corpo incompleto,recusada pelo schema antes do handler,PASS,docs/execution/TEST_EVIDENCE.md
get_v1_evidences_evidence_id,GET,/v1/evidences/{evidence_id},organizacao,no,no,yes,yes,yes,yes,yes,yes,yes,yes,no,rls,n/a,404,no,no,no,no,no,,,viewer,,responde sem erro de servidor; recusa quem a classe não autoriza,404 não encontrou o objeto inexistente informado,handler executado,PASS,docs/execution/TEST_EVIDENCE.md
post_v1_evidences_evidence_id_contest,POST,/v1/evidences/{evidence_id}/contest,organizacao_tipo_e_papel,no,no,kind,kind,kind,kind,kind,kind,kind,kind,no,rls,schema_422,404,no,yes,yes,no,no,,,member,osc,responde sem erro de servidor; recusa quem a classe não autoriza,422 recusou o corpo incompleto,recusada pelo schema antes do handler,PASS,docs/execution/TEST_EVIDENCE.md
post_v1_evidences_evidence_id_review,POST,/v1/evidences/{evidence_id}/review,organizacao_tipo_e_papel,no,no,kind,kind,kind,kind,kind,kind,kind,kind,no,rls,schema_422,404,no,yes,yes,no,no,,,analyst,company|government|individual,responde sem erro de servidor; recusa quem a classe não autoriza,422 recusou o corpo incompleto,recusada pelo schema antes do handler,PASS,docs/execution/TEST_EVIDENCE.md
post_v1_expenses_expense_id_review,POST,/v1/expenses/{expense_id}/review,organizacao_tipo_e_papel,no,no,kind,kind,kind,kind,kind,kind,kind,kind,no,rls,schema_422,404,no,yes,no,no,no,,,analyst,company|government|individual,responde sem erro de servidor; recusa quem a classe não autoriza,422 recusou o corpo incompleto,recusada pelo schema antes do handler,PASS,docs/execution/TEST_EVIDENCE.md
get_v1_fee-tables,GET,/v1/fee-tables,organizacao,no,no,yes,yes,yes,yes,yes,yes,yes,yes,no,rls,schema_422,n/a,no,no,no,no,no,,,viewer,,responde sem erro de servidor; recusa quem a classe não autoriza,200 respondeu,handler executado,PASS,docs/execution/TEST_EVIDENCE.md
get_v1_fee-tables_table_id,GET,/v1/fee-tables/{table_id},organizacao,no,no,yes,yes,yes,yes,yes,yes,yes,yes,no,rls,n/a,404,no,no,no,no,no,,,viewer,,responde sem erro de servidor; recusa quem a classe não autoriza,404 não encontrou o objeto inexistente informado,handler executado,PASS,docs/execution/TEST_EVIDENCE.md
get_v1_feed_compare,GET,/v1/feed/compare,organizacao_tipo_e_papel,no,no,kind,kind,kind,kind,kind,kind,kind,kind,no,rls,schema_422,n/a,no,no,no,no,no,,,viewer,company|individual,responde sem erro de servidor; recusa quem a classe não autoriza,422 recusou o corpo incompleto,recusada pelo schema antes do handler,PASS,docs/execution/TEST_EVIDENCE.md
get_v1_feed_projects,GET,/v1/feed/projects,organizacao_tipo_e_papel,no,no,kind,kind,kind,kind,kind,kind,kind,kind,no,rls,schema_422,n/a,no,no,no,no,no,feed.projects,,viewer,company|individual,responde sem erro de servidor; recusa quem a classe não autoriza,200 respondeu,handler executado,PASS,docs/execution/TEST_EVIDENCE.md
delete_v1_feed_projects_project_id_favorite,DELETE,/v1/feed/projects/{project_id}/favorite,organizacao_tipo_e_papel,no,no,kind,kind,kind,kind,kind,kind,kind,kind,no,rls,n/a,404,no,no,no,no,no,,,analyst,company|individual,responde sem erro de servidor; recusa quem a classe não autoriza,200 respondeu,handler executado,PASS,docs/execution/TEST_EVIDENCE.md
post_v1_feed_projects_project_id_favorite,POST,/v1/feed/projects/{project_id}/favorite,organizacao_tipo_e_papel,no,no,kind,kind,kind,kind,kind,kind,kind,kind,no,rls,n/a,404,no,no,no,no,no,,,analyst,company|individual,responde sem erro de servidor; recusa quem a classe não autoriza,404 não encontrou o objeto inexistente informado,handler executado,PASS,docs/execution/TEST_EVIDENCE.md
post_v1_feed_projects_project_id_feedback,POST,/v1/feed/projects/{project_id}/feedback,organizacao_tipo_e_papel,no,no,kind,kind,kind,kind,kind,kind,kind,kind,no,rls,schema_422,404,no,no,no,no,no,,,analyst,company|individual,responde sem erro de servidor; recusa quem a classe não autoriza,422 recusou o corpo incompleto,recusada pelo schema antes do handler,PASS,docs/execution/TEST_EVIDENCE.md
get_v1_files_token,GET,/v1/files/{token},publica,yes,yes,yes,yes,yes,yes,yes,yes,yes,yes,no,n/a,n/a,404,600/3600s,no,no,no,no,,,,,responde sem erro de servidor; recusa quem a classe não autoriza,403 recusou o acesso,handler executado,PASS,docs/execution/TEST_EVIDENCE.md
get_v1_financeiro_expenses,GET,/v1/financeiro/expenses,plataforma_com_permissao,no,no,no,no,no,no,no,no,no,perm,yes,system,n/a,n/a,no,no,no,no,no,,finance.read,,,responde sem erro de servidor; recusa quem a classe não autoriza,200 respondeu,handler executado,PASS,docs/execution/TEST_EVIDENCE.md
post_v1_financeiro_expenses,POST,/v1/financeiro/expenses,plataforma_com_permissao,no,no,no,no,no,no,no,no,no,perm,yes,system,schema_422,n/a,no,yes,no,no,no,,finance.write,,,responde sem erro de servidor; recusa quem a classe não autoriza,422 recusou o corpo incompleto,recusada pelo schema antes do handler,PASS,docs/execution/TEST_EVIDENCE.md
get_v1_financeiro_fee-preview,GET,/v1/financeiro/fee-preview,plataforma_com_permissao,no,no,no,no,no,no,no,no,no,perm,yes,system,n/a,n/a,no,no,no,no,no,,finance.read,,,responde sem erro de servidor; recusa quem a classe não autoriza,200 respondeu,handler executado,PASS,docs/execution/TEST_EVIDENCE.md
get_v1_financeiro_instructions,GET,/v1/financeiro/instructions,plataforma_com_permissao,no,no,no,no,no,no,no,no,no,perm,yes,system,n/a,n/a,no,no,no,no,no,,instruction.read,,,responde sem erro de servidor; recusa quem a classe não autoriza,200 respondeu,handler executado,PASS,docs/execution/TEST_EVIDENCE.md
post_v1_financeiro_instructions,POST,/v1/financeiro/instructions,plataforma_com_permissao,no,no,no,no,no,no,no,no,no,perm,yes,system,schema_422,n/a,no,yes,no,no,no,,instruction.create,,,responde sem erro de servidor; recusa quem a classe não autoriza,422 recusou o corpo incompleto,recusada pelo schema antes do handler,PASS,docs/execution/TEST_EVIDENCE.md
post_v1_financeiro_instructions_instruction_id_executed,POST,/v1/financeiro/instructions/{instruction_id}/executed,plataforma_com_permissao,no,no,no,no,no,no,no,no,no,perm,yes,system,schema_422,404,no,yes,no,no,no,,instruction.approve,,,responde sem erro de servidor; recusa quem a classe não autoriza,422 recusou o corpo incompleto,recusada pelo schema antes do handler,PASS,docs/execution/TEST_EVIDENCE.md
post_v1_financeiro_instructions_instruction_id_issue,POST,/v1/financeiro/instructions/{instruction_id}/issue,plataforma_com_permissao,no,no,no,no,no,no,no,no,no,perm,yes,system,n/a,404,no,yes,no,no,no,,instruction.approve,,,responde sem erro de servidor; recusa quem a classe não autoriza,404 não encontrou o objeto inexistente informado,handler executado,PASS,docs/execution/TEST_EVIDENCE.md
get_v1_financeiro_summary,GET,/v1/financeiro/summary,plataforma_com_permissao,no,no,no,no,no,no,no,no,no,perm,yes,system,n/a,n/a,no,no,no,no,no,,finance.read,,,responde sem erro de servidor; recusa quem a classe não autoriza,200 respondeu,handler executado,PASS,docs/execution/TEST_EVIDENCE.md
get_v1_firstrun,GET,/v1/firstrun,usuario_sem_organizacao,no,yes,yes,yes,yes,yes,yes,yes,yes,yes,no,system,schema_422,n/a,no,no,no,no,no,,,viewer,,responde sem erro de servidor; recusa quem a classe não autoriza,200 respondeu,handler executado,PASS,docs/execution/TEST_EVIDENCE.md
get_v1_fiscal_estimates,GET,/v1/fiscal/estimates,organizacao_tipo_e_papel,no,no,kind,kind,kind,kind,kind,kind,kind,kind,no,rls,schema_422,n/a,no,no,no,no,no,fiscal.estimates,,analyst,company,responde sem erro de servidor; recusa quem a classe não autoriza,200 respondeu,handler executado,PASS,docs/execution/TEST_EVIDENCE.md
get_v1_fiscal_rules,GET,/v1/fiscal/rules,organizacao,no,no,yes,yes,yes,yes,yes,yes,yes,yes,no,rls,n/a,n/a,no,no,no,no,no,,,viewer,,responde sem erro de servidor; recusa quem a classe não autoriza,200 respondeu,handler executado,PASS,docs/execution/TEST_EVIDENCE.md
get_v1_frameworks,GET,/v1/frameworks,usuario_sem_organizacao,no,yes,yes,yes,yes,yes,yes,yes,yes,yes,no,system,schema_422,n/a,no,no,no,no,no,,,,,responde sem erro de servidor; recusa quem a classe não autoriza,200 respondeu,handler executado,PASS,docs/execution/TEST_EVIDENCE.md
get_v1_frameworks_mappings,GET,/v1/frameworks/mappings,organizacao,no,no,yes,yes,yes,yes,yes,yes,yes,yes,no,rls,schema_422,n/a,no,no,no,no,no,,,viewer,,responde sem erro de servidor; recusa quem a classe não autoriza,200 respondeu,handler executado,PASS,docs/execution/TEST_EVIDENCE.md
post_v1_frameworks_mappings,POST,/v1/frameworks/mappings,organizacao_por_papel,no,no,no,no,no,yes,yes,yes,role,role,no,rls,schema_422,n/a,no,no,no,no,no,,,manager,,responde sem erro de servidor; recusa quem a classe não autoriza,422 recusou o corpo incompleto,recusada pelo schema antes do handler,PASS,docs/execution/TEST_EVIDENCE.md
delete_v1_frameworks_mappings_mapping_id,DELETE,/v1/frameworks/mappings/{mapping_id},organizacao_por_papel,no,no,no,no,no,yes,yes,yes,role,role,no,rls,n/a,404,no,no,no,no,no,,,manager,,responde sem erro de servidor; recusa quem a classe não autoriza,404 não encontrou o objeto inexistente informado,handler executado,PASS,docs/execution/TEST_EVIDENCE.md
get_v1_frameworks_framework_key_coverage,GET,/v1/frameworks/{framework_key}/coverage,organizacao,no,no,yes,yes,yes,yes,yes,yes,yes,yes,no,rls,n/a,404,no,no,no,no,no,,,viewer,,responde sem erro de servidor; recusa quem a classe não autoriza,404 não encontrou o objeto inexistente informado,handler executado,PASS,docs/execution/TEST_EVIDENCE.md
get_v1_funding-quotas,GET,/v1/funding-quotas,organizacao,no,no,yes,yes,yes,yes,yes,yes,yes,yes,no,rls,schema_422,n/a,no,no,no,no,no,,,viewer,,responde sem erro de servidor; recusa quem a classe não autoriza,200 respondeu,handler executado,PASS,docs/execution/TEST_EVIDENCE.md
post_v1_funding-quotas,POST,/v1/funding-quotas,organizacao_por_papel,no,no,no,no,no,yes,yes,yes,role,role,no,rls,schema_422,n/a,no,yes,no,no,no,,,manager,,responde sem erro de servidor; recusa quem a classe não autoriza,422 recusou o corpo incompleto,recusada pelo schema antes do handler,PASS,docs/execution/TEST_EVIDENCE.md
patch_v1_funding-quotas_quota_id,PATCH,/v1/funding-quotas/{quota_id},organizacao_por_papel,no,no,no,no,no,yes,yes,yes,role,role,no,rls,schema_422,404,no,yes,no,no,no,,,manager,,responde sem erro de servidor; recusa quem a classe não autoriza,422 recusou o corpo incompleto,recusada pelo schema antes do handler,PASS,docs/execution/TEST_EVIDENCE.md
get_v1_funding-quotas_quota_id_pledges,GET,/v1/funding-quotas/{quota_id}/pledges,organizacao,no,no,yes,yes,yes,yes,yes,yes,yes,yes,no,rls,schema_422,404,no,no,no,no,no,,,viewer,,responde sem erro de servidor; recusa quem a classe não autoriza,200 respondeu,handler executado,PASS,docs/execution/TEST_EVIDENCE.md
post_v1_funding-quotas_quota_id_pledges,POST,/v1/funding-quotas/{quota_id}/pledges,organizacao_por_papel,no,no,no,yes,yes,yes,yes,yes,role,role,no,rls,schema_422,404,60/3600s,yes,no,no,no,,,member,,responde sem erro de servidor; recusa quem a classe não autoriza,422 recusou o corpo incompleto,recusada pelo schema antes do handler,PASS,docs/execution/TEST_EVIDENCE.md
get_v1_gov_territory-stats,GET,/v1/gov/territory-stats,organizacao_tipo_e_papel,no,no,kind,kind,kind,kind,kind,kind,kind,kind,no,rls,schema_422,n/a,no,no,no,no,no,gov.data,,viewer,government|platform,responde sem erro de servidor; recusa quem a classe não autoriza,200 respondeu,handler executado,PASS,docs/execution/TEST_EVIDENCE.md
post_v1_graph-edges_edge_id_validate,POST,/v1/graph-edges/{edge_id}/validate,organizacao_tipo_e_papel,no,no,kind,kind,kind,kind,kind,kind,kind,kind,no,rls,schema_422,404,no,yes,no,no,no,,,manager,company|government|individual,responde sem erro de servidor; recusa quem a classe não autoriza,422 recusou o corpo incompleto,recusada pelo schema antes do handler,PASS,docs/execution/TEST_EVIDENCE.md
get_v1_help_activities,GET,/v1/help/activities,usuario_sem_organizacao,no,yes,yes,yes,yes,yes,yes,yes,yes,yes,no,system,n/a,n/a,no,no,no,no,no,,,,,responde sem erro de servidor; recusa quem a classe não autoriza,200 respondeu,handler executado,PASS,docs/execution/TEST_EVIDENCE.md
get_v1_help_articles,GET,/v1/help/articles,publica,yes,yes,yes,yes,yes,yes,yes,yes,yes,yes,no,n/a,schema_422,n/a,600/3600s,no,no,no,no,,,,,responde sem erro de servidor; recusa quem a classe não autoriza,200 respondeu,handler executado,PASS,docs/execution/TEST_EVIDENCE.md
get_v1_help_articles_slug,GET,/v1/help/articles/{slug},publica,yes,yes,yes,yes,yes,yes,yes,yes,yes,yes,no,n/a,n/a,404,600/3600s,no,no,no,no,,,,,responde sem erro de servidor; recusa quem a classe não autoriza,404 não encontrou o objeto inexistente informado,handler executado,PASS,docs/execution/TEST_EVIDENCE.md
post_v1_help_assistant,POST,/v1/help/assistant,publica,yes,yes,yes,yes,yes,yes,yes,yes,yes,yes,no,n/a,schema_422,n/a,60/3600s,no,no,no,no,,,,,responde sem erro de servidor; recusa quem a classe não autoriza,422 recusou o corpo incompleto,recusada pelo schema antes do handler,PASS,docs/execution/TEST_EVIDENCE.md
get_v1_help_categories,GET,/v1/help/categories,publica,yes,yes,yes,yes,yes,yes,yes,yes,yes,yes,no,n/a,n/a,n/a,600/3600s,no,no,no,no,,,,,responde sem erro de servidor; recusa quem a classe não autoriza,200 respondeu,handler executado,PASS,docs/execution/TEST_EVIDENCE.md
get_v1_help_certificates_code,GET,/v1/help/certificates/{code},publica,yes,yes,yes,yes,yes,yes,yes,yes,yes,yes,no,n/a,n/a,404,60/3600s,no,no,no,no,,,,,responde sem erro de servidor; recusa quem a classe não autoriza,404 não encontrou o objeto inexistente informado,handler executado,PASS,docs/execution/TEST_EVIDENCE.md
get_v1_help_checklists,GET,/v1/help/checklists,usuario_sem_organizacao,no,yes,yes,yes,yes,yes,yes,yes,yes,yes,no,system,schema_422,n/a,no,no,no,no,no,,,,,responde sem erro de servidor; recusa quem a classe não autoriza,422 recusou o corpo incompleto,recusada pelo schema antes do handler,PASS,docs/execution/TEST_EVIDENCE.md
put_v1_help_checklists,PUT,/v1/help/checklists,usuario_sem_organizacao,no,yes,yes,yes,yes,yes,yes,yes,yes,yes,no,system,schema_422,n/a,no,no,no,no,no,,,,,responde sem erro de servidor; recusa quem a classe não autoriza,422 recusou o corpo incompleto,recusada pelo schema antes do handler,PASS,docs/execution/TEST_EVIDENCE.md
get_v1_help_context,GET,/v1/help/context,publica,yes,yes,yes,yes,yes,yes,yes,yes,yes,yes,no,n/a,schema_422,n/a,600/3600s,no,no,no,no,,,,,responde sem erro de servidor; recusa quem a classe não autoriza,422 recusou o corpo incompleto,recusada pelo schema antes do handler,PASS,docs/execution/TEST_EVIDENCE.md
get_v1_help_courses,GET,/v1/help/courses,publica,yes,yes,yes,yes,yes,yes,yes,yes,yes,yes,no,n/a,n/a,n/a,600/3600s,no,no,no,no,,,,,responde sem erro de servidor; recusa quem a classe não autoriza,200 respondeu,handler executado,PASS,docs/execution/TEST_EVIDENCE.md
get_v1_help_courses_slug,GET,/v1/help/courses/{slug},publica,yes,yes,yes,yes,yes,yes,yes,yes,yes,yes,no,n/a,n/a,404,600/3600s,no,no,no,no,,,,,responde sem erro de servidor; recusa quem a classe não autoriza,404 não encontrou o objeto inexistente informado,handler executado,PASS,docs/execution/TEST_EVIDENCE.md
post_v1_help_courses_slug_certificate,POST,/v1/help/courses/{slug}/certificate,usuario_sem_organizacao,no,yes,yes,yes,yes,yes,yes,yes,yes,yes,no,system,n/a,404,no,yes,no,no,no,,,,,responde sem erro de servidor; recusa quem a classe não autoriza,404 não encontrou o objeto inexistente informado,handler executado,PASS,docs/execution/TEST_EVIDENCE.md
post_v1_help_courses_slug_enroll,POST,/v1/help/courses/{slug}/enroll,usuario_sem_organizacao,no,yes,yes,yes,yes,yes,yes,yes,yes,yes,no,system,n/a,404,no,no,no,no,no,,,,,responde sem erro de servidor; recusa quem a classe não autoriza,404 não encontrou o objeto inexistente informado,handler executado,PASS,docs/execution/TEST_EVIDENCE.md
post_v1_help_demo-requests,POST,/v1/help/demo-requests,publica,yes,yes,yes,yes,yes,yes,yes,yes,yes,yes,no,n/a,schema_422,n/a,5/3600s,no,no,no,no,,,,,responde sem erro de servidor; recusa quem a classe não autoriza,422 recusou o corpo incompleto,recusada pelo schema antes do handler,PASS,docs/execution/TEST_EVIDENCE.md
get_v1_help_events,GET,/v1/help/events,publica,yes,yes,yes,yes,yes,yes,yes,yes,yes,yes,no,n/a,schema_422,n/a,600/3600s,no,no,no,no,,,,,responde sem erro de servidor; recusa quem a classe não autoriza,200 respondeu,handler executado,PASS,docs/execution/TEST_EVIDENCE.md
get_v1_help_events_mine,GET,/v1/help/events/mine,usuario_sem_organizacao,no,yes,yes,yes,yes,yes,yes,yes,yes,yes,no,system,n/a,n/a,no,no,no,no,no,,,,,responde sem erro de servidor; recusa quem a classe não autoriza,200 respondeu,handler executado,PASS,docs/execution/TEST_EVIDENCE.md
post_v1_help_events_event_id_rate,POST,/v1/help/events/{event_id}/rate,usuario_sem_organizacao,no,yes,yes,yes,yes,yes,yes,yes,yes,yes,no,system,schema_422,404,no,no,no,no,no,,,,,responde sem erro de servidor; recusa quem a classe não autoriza,422 recusou o corpo incompleto,recusada pelo schema antes do handler,PASS,docs/execution/TEST_EVIDENCE.md
delete_v1_help_events_event_id_register,DELETE,/v1/help/events/{event_id}/register,usuario_sem_organizacao,no,yes,yes,yes,yes,yes,yes,yes,yes,yes,no,system,n/a,404,no,yes,no,no,no,,,,,responde sem erro de servidor; recusa quem a classe não autoriza,404 não encontrou o objeto inexistente informado,handler executado,PASS,docs/execution/TEST_EVIDENCE.md
post_v1_help_events_event_id_register,POST,/v1/help/events/{event_id}/register,usuario_sem_organizacao,no,yes,yes,yes,yes,yes,yes,yes,yes,yes,no,system,n/a,404,60/3600s,yes,no,no,no,,,,,responde sem erro de servidor; recusa quem a classe não autoriza,404 não encontrou o objeto inexistente informado,handler executado,PASS,docs/execution/TEST_EVIDENCE.md
get_v1_help_events_slug,GET,/v1/help/events/{slug},publica,yes,yes,yes,yes,yes,yes,yes,yes,yes,yes,no,n/a,n/a,404,600/3600s,no,no,no,no,,,,,responde sem erro de servidor; recusa quem a classe não autoriza,404 não encontrou o objeto inexistente informado,handler executado,PASS,docs/execution/TEST_EVIDENCE.md
get_v1_help_faqs,GET,/v1/help/faqs,publica,yes,yes,yes,yes,yes,yes,yes,yes,yes,yes,no,n/a,schema_422,n/a,600/3600s,no,no,no,no,,,,,responde sem erro de servidor; recusa quem a classe não autoriza,200 respondeu,handler executado,PASS,docs/execution/TEST_EVIDENCE.md
post_v1_help_feedback,POST,/v1/help/feedback,usuario_sem_organizacao,no,yes,yes,yes,yes,yes,yes,yes,yes,yes,no,system,schema_422,n/a,200/3600s,no,no,no,no,,,,,responde sem erro de servidor; recusa quem a classe não autoriza,422 recusou o corpo incompleto,recusada pelo schema antes do handler,PASS,docs/execution/TEST_EVIDENCE.md
get_v1_help_lessons_lesson_id,GET,/v1/help/lessons/{lesson_id},usuario_sem_organizacao,no,yes,yes,yes,yes,yes,yes,yes,yes,yes,no,system,n/a,404,no,no,no,no,no,,,,,responde sem erro de servidor; recusa quem a classe não autoriza,404 não encontrou o objeto inexistente informado,handler executado,PASS,docs/execution/TEST_EVIDENCE.md
post_v1_help_lessons_lesson_id_complete,POST,/v1/help/lessons/{lesson_id}/complete,usuario_sem_organizacao,no,yes,yes,yes,yes,yes,yes,yes,yes,yes,no,system,schema_422,404,300/3600s,no,no,no,no,,,,,responde sem erro de servidor; recusa quem a classe não autoriza,404 não encontrou o objeto inexistente informado,handler executado,PASS,docs/execution/TEST_EVIDENCE.md
post_v1_help_newsletter,POST,/v1/help/newsletter,publica,yes,yes,yes,yes,yes,yes,yes,yes,yes,yes,no,n/a,schema_422,n/a,10/3600s,no,no,no,no,,,,,responde sem erro de servidor; recusa quem a classe não autoriza,422 recusou o corpo incompleto,recusada pelo schema antes do handler,PASS,docs/execution/TEST_EVIDENCE.md
post_v1_help_newsletter_confirm,POST,/v1/help/newsletter/confirm,publica,yes,yes,yes,yes,yes,yes,yes,yes,yes,yes,no,n/a,schema_422,n/a,30/3600s,no,no,no,no,,,,,responde sem erro de servidor; recusa quem a classe não autoriza,422 recusou o corpo incompleto,recusada pelo schema antes do handler,PASS,docs/execution/TEST_EVIDENCE.md
post_v1_help_newsletter_unsubscribe,POST,/v1/help/newsletter/unsubscribe,publica,yes,yes,yes,yes,yes,yes,yes,yes,yes,yes,no,n/a,schema_422,n/a,30/3600s,no,no,no,no,,,,,responde sem erro de servidor; recusa quem a classe não autoriza,422 recusou o corpo incompleto,recusada pelo schema antes do handler,PASS,docs/execution/TEST_EVIDENCE.md
post_v1_help_partnerships,POST,/v1/help/partnerships,publica,yes,yes,yes,yes,yes,yes,yes,yes,yes,yes,no,n/a,schema_422,n/a,5/3600s,no,no,no,no,,,,,responde sem erro de servidor; recusa quem a classe não autoriza,422 recusou o corpo incompleto,recusada pelo schema antes do handler,PASS,docs/execution/TEST_EVIDENCE.md
get_v1_help_pending,GET,/v1/help/pending,usuario_sem_organizacao,no,yes,yes,yes,yes,yes,yes,yes,yes,yes,no,system,n/a,n/a,no,no,no,no,no,,,,,responde sem erro de servidor; recusa quem a classe não autoriza,200 respondeu,handler executado,PASS,docs/execution/TEST_EVIDENCE.md
get_v1_help_recommendations,GET,/v1/help/recommendations,usuario_sem_organizacao,no,yes,yes,yes,yes,yes,yes,yes,yes,yes,no,system,n/a,n/a,no,no,no,no,no,,,,,responde sem erro de servidor; recusa quem a classe não autoriza,200 respondeu,handler executado,PASS,docs/execution/TEST_EVIDENCE.md
post_v1_help_report-incorrect,POST,/v1/help/report-incorrect,usuario_sem_organizacao,no,yes,yes,yes,yes,yes,yes,yes,yes,yes,no,system,schema_422,n/a,20/3600s,yes,no,no,no,,,,,responde sem erro de servidor; recusa quem a classe não autoriza,422 recusou o corpo incompleto,recusada pelo schema antes do handler,PASS,docs/execution/TEST_EVIDENCE.md
get_v1_help_resources,GET,/v1/help/resources,publica,yes,yes,yes,yes,yes,yes,yes,yes,yes,yes,no,n/a,schema_422,n/a,600/3600s,no,no,no,no,,,,,responde sem erro de servidor; recusa quem a classe não autoriza,200 respondeu,handler executado,PASS,docs/execution/TEST_EVIDENCE.md
post_v1_help_resources_resource_id_download-url,POST,/v1/help/resources/{resource_id}/download-url,usuario_sem_organizacao,no,yes,yes,yes,yes,yes,yes,yes,yes,yes,no,system,n/a,404,120/3600s,no,no,no,no,,,,,responde sem erro de servidor; recusa quem a classe não autoriza,404 não encontrou o objeto inexistente informado,handler executado,PASS,docs/execution/TEST_EVIDENCE.md
post_v1_help_resources_resource_id_use-template,POST,/v1/help/resources/{resource_id}/use-template,organizacao_por_papel,no,no,no,yes,yes,yes,yes,yes,role,role,no,rls,schema_422,404,no,yes,no,no,no,,,member,,responde sem erro de servidor; recusa quem a classe não autoriza,422 recusou o corpo incompleto,recusada pelo schema antes do handler,PASS,docs/execution/TEST_EVIDENCE.md
get_v1_help_resources_slug,GET,/v1/help/resources/{slug},publica,yes,yes,yes,yes,yes,yes,yes,yes,yes,yes,no,n/a,n/a,404,600/3600s,no,no,no,no,,,,,responde sem erro de servidor; recusa quem a classe não autoriza,404 não encontrou o objeto inexistente informado,handler executado,PASS,docs/execution/TEST_EVIDENCE.md
get_v1_help_search,GET,/v1/help/search,publica,yes,yes,yes,yes,yes,yes,yes,yes,yes,yes,no,n/a,schema_422,n/a,600/3600s,no,no,no,no,,,,,responde sem erro de servidor; recusa quem a classe não autoriza,200 respondeu,handler executado,PASS,docs/execution/TEST_EVIDENCE.md
get_v1_help_sitemap,GET,/v1/help/sitemap,publica,yes,yes,yes,yes,yes,yes,yes,yes,yes,yes,no,n/a,n/a,n/a,600/3600s,no,no,no,no,,,,,responde sem erro de servidor; recusa quem a classe não autoriza,200 respondeu,handler executado,PASS,docs/execution/TEST_EVIDENCE.md
get_v1_help_sources,GET,/v1/help/sources,publica,yes,yes,yes,yes,yes,yes,yes,yes,yes,yes,no,n/a,schema_422,n/a,300/3600s,no,no,no,no,,,,,responde sem erro de servidor; recusa quem a classe não autoriza,200 respondeu,handler executado,PASS,docs/execution/TEST_EVIDENCE.md
get_v1_help_sources_key,GET,/v1/help/sources/{key},publica,yes,yes,yes,yes,yes,yes,yes,yes,yes,yes,no,n/a,n/a,404,300/3600s,no,no,no,no,,,,,responde sem erro de servidor; recusa quem a classe não autoriza,404 não encontrou o objeto inexistente informado,handler executado,PASS,docs/execution/TEST_EVIDENCE.md
get_v1_help_start,GET,/v1/help/start,organizacao,no,no,yes,yes,yes,yes,yes,yes,yes,yes,no,rls,n/a,n/a,no,no,no,no,no,,,viewer,,responde sem erro de servidor; recusa quem a classe não autoriza,200 respondeu,handler executado,PASS,docs/execution/TEST_EVIDENCE.md
get_v1_ideas,GET,/v1/ideas,organizacao,no,no,yes,yes,yes,yes,yes,yes,yes,yes,no,rls,schema_422,n/a,no,no,no,no,no,,,viewer,,responde sem erro de servidor; recusa quem a classe não autoriza,200 respondeu,handler executado,PASS,docs/execution/TEST_EVIDENCE.md
post_v1_ideas,POST,/v1/ideas,organizacao_por_papel,no,no,no,yes,yes,yes,yes,yes,role,role,no,rls,schema_422,n/a,no,yes,no,no,no,,,member,,responde sem erro de servidor; recusa quem a classe não autoriza,422 recusou o corpo incompleto,recusada pelo schema antes do handler,PASS,docs/execution/TEST_EVIDENCE.md
get_v1_ideas_idea_id,GET,/v1/ideas/{idea_id},organizacao,no,no,yes,yes,yes,yes,yes,yes,yes,yes,no,rls,n/a,404,no,no,no,no,no,,,viewer,,responde sem erro de servidor; recusa quem a classe não autoriza,404 não encontrou o objeto inexistente informado,handler executado,PASS,docs/execution/TEST_EVIDENCE.md
put_v1_ideas_idea_id,PUT,/v1/ideas/{idea_id},organizacao_por_papel,no,no,no,yes,yes,yes,yes,yes,role,role,no,rls,schema_422,404,no,yes,no,no,no,,,member,,responde sem erro de servidor; recusa quem a classe não autoriza,422 recusou o corpo incompleto,recusada pelo schema antes do handler,PASS,docs/execution/TEST_EVIDENCE.md
post_v1_ideas_idea_id_promote,POST,/v1/ideas/{idea_id}/promote,organizacao_tipo_e_papel,no,no,kind,kind,kind,kind,kind,kind,kind,kind,no,rls,schema_422,404,no,yes,yes,no,no,,,member,osc,responde sem erro de servidor; recusa quem a classe não autoriza,404 não encontrou o objeto inexistente informado,handler executado,PASS,docs/execution/TEST_EVIDENCE.md
get_v1_impact-tags,GET,/v1/impact-tags,organizacao,no,no,yes,yes,yes,yes,yes,yes,yes,yes,no,rls,schema_422,n/a,no,no,no,no,no,,,viewer,,responde sem erro de servidor; recusa quem a classe não autoriza,422 recusou o corpo incompleto,recusada pelo schema antes do handler,PASS,docs/execution/TEST_EVIDENCE.md
post_v1_impact-tags,POST,/v1/impact-tags,organizacao_por_papel,no,no,no,no,no,yes,yes,yes,role,role,no,rls,schema_422,n/a,no,yes,no,no,no,,,manager,,responde sem erro de servidor; recusa quem a classe não autoriza,422 recusou o corpo incompleto,recusada pelo schema antes do handler,PASS,docs/execution/TEST_EVIDENCE.md
delete_v1_impact-tags_tag_id,DELETE,/v1/impact-tags/{tag_id},organizacao_por_papel,no,no,no,no,no,yes,yes,yes,role,role,no,rls,n/a,404,no,no,no,no,no,,,manager,,responde sem erro de servidor; recusa quem a classe não autoriza,404 não encontrou o objeto inexistente informado,handler executado,PASS,docs/execution/TEST_EVIDENCE.md
get_v1_impact-taxonomy,GET,/v1/impact-taxonomy,organizacao,no,no,yes,yes,yes,yes,yes,yes,yes,yes,no,rls,n/a,n/a,no,no,no,no,no,,,viewer,,responde sem erro de servidor; recusa quem a classe não autoriza,200 respondeu,handler executado,PASS,docs/execution/TEST_EVIDENCE.md
get_v1_impact-updates,GET,/v1/impact-updates,organizacao,no,no,yes,yes,yes,yes,yes,yes,yes,yes,no,rls,schema_422,n/a,no,no,no,no,no,,,viewer,,responde sem erro de servidor; recusa quem a classe não autoriza,200 respondeu,handler executado,PASS,docs/execution/TEST_EVIDENCE.md
post_v1_impact-updates,POST,/v1/impact-updates,organizacao_por_papel,no,no,no,yes,yes,yes,yes,yes,role,role,no,rls,schema_422,n/a,no,yes,no,no,no,,,member,,responde sem erro de servidor; recusa quem a classe não autoriza,422 recusou o corpo incompleto,recusada pelo schema antes do handler,PASS,docs/execution/TEST_EVIDENCE.md
get_v1_impact-updates_gather,GET,/v1/impact-updates/gather,organizacao,no,no,yes,yes,yes,yes,yes,yes,yes,yes,no,rls,schema_422,n/a,no,no,no,no,no,,,viewer,,responde sem erro de servidor; recusa quem a classe não autoriza,422 recusou o corpo incompleto,recusada pelo schema antes do handler,PASS,docs/execution/TEST_EVIDENCE.md
get_v1_impact-updates_graph,GET,/v1/impact-updates/graph,usuario_sem_organizacao,no,yes,yes,yes,yes,yes,yes,yes,yes,yes,no,system,n/a,n/a,no,no,no,no,no,,,,,responde sem erro de servidor; recusa quem a classe não autoriza,200 respondeu,handler executado,PASS,docs/execution/TEST_EVIDENCE.md
get_v1_impact-updates_inbox,GET,/v1/impact-updates/inbox,organizacao,no,no,yes,yes,yes,yes,yes,yes,yes,yes,no,rls,n/a,n/a,no,no,no,no,no,,,viewer,,responde sem erro de servidor; recusa quem a classe não autoriza,200 respondeu,handler executado,PASS,docs/execution/TEST_EVIDENCE.md
get_v1_impact-updates_update_id,GET,/v1/impact-updates/{update_id},organizacao,no,no,yes,yes,yes,yes,yes,yes,yes,yes,no,rls,n/a,404,no,no,no,no,no,,,viewer,,responde sem erro de servidor; recusa quem a classe não autoriza,404 não encontrou o objeto inexistente informado,handler executado,PASS,docs/execution/TEST_EVIDENCE.md
patch_v1_impact-updates_update_id,PATCH,/v1/impact-updates/{update_id},organizacao_por_papel,no,no,no,yes,yes,yes,yes,yes,role,role,no,rls,schema_422,404,no,no,no,no,no,,,member,,responde sem erro de servidor; recusa quem a classe não autoriza,404 não encontrou o objeto inexistente informado,handler executado,PASS,docs/execution/TEST_EVIDENCE.md
post_v1_impact-updates_update_id_transition,POST,/v1/impact-updates/{update_id}/transition,organizacao_por_papel,no,no,no,no,no,yes,yes,yes,role,role,no,rls,schema_422,404,no,yes,no,no,no,,,manager,,responde sem erro de servidor; recusa quem a classe não autoriza,422 recusou o corpo incompleto,recusada pelo schema antes do handler,PASS,docs/execution/TEST_EVIDENCE.md
get_v1_indicator-values_value_id_provenance,GET,/v1/indicator-values/{value_id}/provenance,organizacao,no,no,yes,yes,yes,yes,yes,yes,yes,yes,no,rls,n/a,404,no,no,no,no,no,,,viewer,,responde sem erro de servidor; recusa quem a classe não autoriza,404 não encontrou o objeto inexistente informado,handler executado,PASS,docs/execution/TEST_EVIDENCE.md
post_v1_indicator-values_value_id_review,POST,/v1/indicator-values/{value_id}/review,organizacao_tipo_e_papel,no,no,kind,kind,kind,kind,kind,kind,kind,kind,no,rls,schema_422,404,no,yes,yes,no,no,,,analyst,company|government|individual,responde sem erro de servidor; recusa quem a classe não autoriza,422 recusou o corpo incompleto,recusada pelo schema antes do handler,PASS,docs/execution/TEST_EVIDENCE.md
get_v1_indicators_catalog,GET,/v1/indicators/catalog,organizacao,no,no,yes,yes,yes,yes,yes,yes,yes,yes,no,rls,schema_422,n/a,no,no,no,no,no,,,viewer,,responde sem erro de servidor; recusa quem a classe não autoriza,200 respondeu,handler executado,PASS,docs/execution/TEST_EVIDENCE.md
post_v1_indicators_catalog,POST,/v1/indicators/catalog,organizacao_por_papel,no,no,no,no,no,yes,yes,yes,role,role,no,rls,schema_422,n/a,no,yes,no,no,no,,,manager,,responde sem erro de servidor; recusa quem a classe não autoriza,422 recusou o corpo incompleto,recusada pelo schema antes do handler,PASS,docs/execution/TEST_EVIDENCE.md
get_v1_institutional_agreements,GET,/v1/institutional/agreements,organizacao,no,no,yes,yes,yes,yes,yes,yes,yes,yes,no,rls,n/a,n/a,no,no,no,no,no,,,viewer,,responde sem erro de servidor; recusa quem a classe não autoriza,200 respondeu,handler executado,PASS,docs/execution/TEST_EVIDENCE.md
post_v1_institutional_agreements,POST,/v1/institutional/agreements,organizacao_por_papel,no,no,no,no,no,yes,yes,yes,role,role,no,rls,schema_422,n/a,no,yes,no,no,no,,,manager,,responde sem erro de servidor; recusa quem a classe não autoriza,422 recusou o corpo incompleto,recusada pelo schema antes do handler,PASS,docs/execution/TEST_EVIDENCE.md
delete_v1_institutional_agreements_agreement_id,DELETE,/v1/institutional/agreements/{agreement_id},organizacao_por_papel,no,no,no,no,no,yes,yes,yes,role,role,no,rls,n/a,404,no,yes,no,no,no,,,manager,,responde sem erro de servidor; recusa quem a classe não autoriza,409 recusou pelo estado atual,handler executado,PASS,docs/execution/TEST_EVIDENCE.md
patch_v1_institutional_agreements_agreement_id,PATCH,/v1/institutional/agreements/{agreement_id},organizacao_por_papel,no,no,no,no,no,yes,yes,yes,role,role,no,rls,schema_422,404,no,yes,no,no,no,,,manager,,responde sem erro de servidor; recusa quem a classe não autoriza,422 recusou o corpo incompleto,handler executado,PASS,docs/execution/TEST_EVIDENCE.md
get_v1_institutional_badges,GET,/v1/institutional/badges,organizacao,no,no,yes,yes,yes,yes,yes,yes,yes,yes,no,rls,n/a,n/a,no,no,no,no,no,,,viewer,,responde sem erro de servidor; recusa quem a classe não autoriza,200 respondeu,handler executado,PASS,docs/execution/TEST_EVIDENCE.md
get_v1_institutional_catalogs,GET,/v1/institutional/catalogs,organizacao,no,no,yes,yes,yes,yes,yes,yes,yes,yes,no,rls,n/a,n/a,no,no,no,no,no,,,viewer,,responde sem erro de servidor; recusa quem a classe não autoriza,200 respondeu,handler executado,PASS,docs/execution/TEST_EVIDENCE.md
get_v1_institutional_documents,GET,/v1/institutional/documents,organizacao,no,no,yes,yes,yes,yes,yes,yes,yes,yes,no,rls,n/a,n/a,no,no,no,no,no,,,viewer,,responde sem erro de servidor; recusa quem a classe não autoriza,200 respondeu,handler executado,PASS,docs/execution/TEST_EVIDENCE.md
get_v1_institutional_eligibility,GET,/v1/institutional/eligibility,organizacao,no,no,yes,yes,yes,yes,yes,yes,yes,yes,no,rls,schema_422,n/a,no,no,no,no,no,,,viewer,,responde sem erro de servidor; recusa quem a classe não autoriza,200 respondeu,handler executado,PASS,docs/execution/TEST_EVIDENCE.md
post_v1_institutional_eligibility,POST,/v1/institutional/eligibility,organizacao,no,no,yes,yes,yes,yes,yes,yes,yes,yes,no,rls,schema_422,n/a,120/600s,yes,no,no,no,,,viewer,,responde sem erro de servidor; recusa quem a classe não autoriza,422 recusou o corpo incompleto,recusada pelo schema antes do handler,PASS,docs/execution/TEST_EVIDENCE.md
get_v1_institutional_formalization,GET,/v1/institutional/formalization,organizacao,no,no,yes,yes,yes,yes,yes,yes,yes,yes,no,rls,n/a,n/a,no,no,no,no,no,,,viewer,,responde sem erro de servidor; recusa quem a classe não autoriza,200 respondeu,handler executado,PASS,docs/execution/TEST_EVIDENCE.md
put_v1_institutional_formalization_step_code,PUT,/v1/institutional/formalization/{step_code},organizacao_por_papel,no,no,no,no,no,yes,yes,yes,role,role,no,rls,schema_422,404,no,yes,no,no,no,,,manager,,responde sem erro de servidor; recusa quem a classe não autoriza,422 recusou o corpo incompleto,recusada pelo schema antes do handler,PASS,docs/execution/TEST_EVIDENCE.md
get_v1_institutional_maturity,GET,/v1/institutional/maturity,organizacao,no,no,yes,yes,yes,yes,yes,yes,yes,yes,no,rls,n/a,n/a,no,no,no,no,no,,,viewer,,responde sem erro de servidor; recusa quem a classe não autoriza,200 respondeu,handler executado,PASS,docs/execution/TEST_EVIDENCE.md
get_v1_institutional_mentoring,GET,/v1/institutional/mentoring,organizacao,no,no,yes,yes,yes,yes,yes,yes,yes,yes,no,rls,n/a,n/a,no,no,no,no,no,,,viewer,,responde sem erro de servidor; recusa quem a classe não autoriza,200 respondeu,handler executado,PASS,docs/execution/TEST_EVIDENCE.md
post_v1_institutional_mentoring,POST,/v1/institutional/mentoring,organizacao_por_papel,no,no,no,yes,yes,yes,yes,yes,role,role,no,rls,schema_422,n/a,5/3600s,yes,no,no,no,,,member,,responde sem erro de servidor; recusa quem a classe não autoriza,422 recusou o corpo incompleto,recusada pelo schema antes do handler,PASS,docs/execution/TEST_EVIDENCE.md
post_v1_institutional_mentoring_mentoring_id_cancel,POST,/v1/institutional/mentoring/{mentoring_id}/cancel,organizacao_por_papel,no,no,no,yes,yes,yes,yes,yes,role,role,no,rls,n/a,404,no,yes,no,no,no,,,member,,responde sem erro de servidor; recusa quem a classe não autoriza,409 recusou pelo estado atual,handler executado,PASS,docs/execution/TEST_EVIDENCE.md
get_v1_institutional_needs,GET,/v1/institutional/needs,organizacao,no,no,yes,yes,yes,yes,yes,yes,yes,yes,no,rls,n/a,n/a,no,no,no,no,no,,,viewer,,responde sem erro de servidor; recusa quem a classe não autoriza,200 respondeu,handler executado,PASS,docs/execution/TEST_EVIDENCE.md
post_v1_institutional_needs,POST,/v1/institutional/needs,organizacao_por_papel,no,no,no,yes,yes,yes,yes,yes,role,role,no,rls,schema_422,n/a,no,yes,no,no,no,,,member,,responde sem erro de servidor; recusa quem a classe não autoriza,422 recusou o corpo incompleto,recusada pelo schema antes do handler,PASS,docs/execution/TEST_EVIDENCE.md
delete_v1_institutional_needs_need_id,DELETE,/v1/institutional/needs/{need_id},organizacao_por_papel,no,no,no,yes,yes,yes,yes,yes,role,role,no,rls,n/a,404,no,no,no,no,no,,,member,,responde sem erro de servidor; recusa quem a classe não autoriza,404 não encontrou o objeto inexistente informado,handler executado,PASS,docs/execution/TEST_EVIDENCE.md
patch_v1_institutional_needs_need_id,PATCH,/v1/institutional/needs/{need_id},organizacao_por_papel,no,no,no,yes,yes,yes,yes,yes,role,role,no,rls,schema_422,404,no,no,no,no,no,,,member,,responde sem erro de servidor; recusa quem a classe não autoriza,422 recusou o corpo incompleto,handler executado,PASS,docs/execution/TEST_EVIDENCE.md
get_v1_institutional_orgs_org_id,GET,/v1/institutional/orgs/{org_id},organizacao,no,no,yes,yes,yes,yes,yes,yes,yes,yes,no,rls,n/a,404,no,no,no,no,no,,,viewer,,responde sem erro de servidor; recusa quem a classe não autoriza,200 respondeu,handler executado,PASS,docs/execution/TEST_EVIDENCE.md
get_v1_institutional_overview,GET,/v1/institutional/overview,organizacao,no,no,yes,yes,yes,yes,yes,yes,yes,yes,no,rls,n/a,n/a,no,no,no,no,no,,,viewer,,responde sem erro de servidor; recusa quem a classe não autoriza,200 respondeu,handler executado,PASS,docs/execution/TEST_EVIDENCE.md
get_v1_institutional_persona,GET,/v1/institutional/persona,organizacao,no,no,yes,yes,yes,yes,yes,yes,yes,yes,no,rls,n/a,n/a,no,no,no,no,no,,,viewer,,responde sem erro de servidor; recusa quem a classe não autoriza,200 respondeu,handler executado,PASS,docs/execution/TEST_EVIDENCE.md
get_v1_institutional_profile,GET,/v1/institutional/profile,organizacao,no,no,yes,yes,yes,yes,yes,yes,yes,yes,no,rls,n/a,n/a,no,no,no,no,no,,,viewer,,responde sem erro de servidor; recusa quem a classe não autoriza,200 respondeu,handler executado,PASS,docs/execution/TEST_EVIDENCE.md
put_v1_institutional_profile,PUT,/v1/institutional/profile,organizacao_por_papel,no,no,no,no,no,no,yes,yes,role,role,no,rls,schema_422,n/a,no,yes,no,no,no,,,admin,,responde sem erro de servidor; recusa quem a classe não autoriza,422 recusou o corpo incompleto,handler executado,PASS,docs/execution/TEST_EVIDENCE.md
get_v1_institutional_qualifications,GET,/v1/institutional/qualifications,organizacao,no,no,yes,yes,yes,yes,yes,yes,yes,yes,no,rls,n/a,n/a,no,no,no,no,no,,,viewer,,responde sem erro de servidor; recusa quem a classe não autoriza,200 respondeu,handler executado,PASS,docs/execution/TEST_EVIDENCE.md
post_v1_institutional_qualifications,POST,/v1/institutional/qualifications,organizacao_por_papel,no,no,no,no,no,yes,yes,yes,role,role,no,rls,schema_422,n/a,no,yes,no,no,no,,,manager,,responde sem erro de servidor; recusa quem a classe não autoriza,422 recusou o corpo incompleto,recusada pelo schema antes do handler,PASS,docs/execution/TEST_EVIDENCE.md
delete_v1_institutional_qualifications_qualification_id,DELETE,/v1/institutional/qualifications/{qualification_id},organizacao_por_papel,no,no,no,no,no,yes,yes,yes,role,role,no,rls,n/a,404,no,yes,no,no,no,,,manager,,responde sem erro de servidor; recusa quem a classe não autoriza,409 recusou pelo estado atual,handler executado,PASS,docs/execution/TEST_EVIDENCE.md
patch_v1_institutional_qualifications_qualification_id,PATCH,/v1/institutional/qualifications/{qualification_id},organizacao_por_papel,no,no,no,no,no,yes,yes,yes,role,role,no,rls,schema_422,404,no,yes,no,no,no,,,manager,,responde sem erro de servidor; recusa quem a classe não autoriza,422 recusou o corpo incompleto,handler executado,PASS,docs/execution/TEST_EVIDENCE.md
get_v1_institutional_qualifications_qualification_id_events,GET,/v1/institutional/qualifications/{qualification_id}/events,organizacao,no,no,yes,yes,yes,yes,yes,yes,yes,yes,no,rls,n/a,404,no,no,no,no,no,,,viewer,,responde sem erro de servidor; recusa quem a classe não autoriza,404 não encontrou o objeto inexistente informado,handler executado,PASS,docs/execution/TEST_EVIDENCE.md
get_v1_institutional_rules,GET,/v1/institutional/rules,organizacao,no,no,yes,yes,yes,yes,yes,yes,yes,yes,no,rls,n/a,n/a,no,no,no,no,no,,,viewer,,responde sem erro de servidor; recusa quem a classe não autoriza,200 respondeu,handler executado,PASS,docs/execution/TEST_EVIDENCE.md
get_v1_institutional_statement,GET,/v1/institutional/statement,organizacao,no,no,yes,yes,yes,yes,yes,yes,yes,yes,no,rls,n/a,n/a,no,no,no,no,no,,,viewer,,responde sem erro de servidor; recusa quem a classe não autoriza,200 respondeu,handler executado,PASS,docs/execution/TEST_EVIDENCE.md
get_v1_integrations_connections,GET,/v1/integrations/connections,organizacao,no,no,yes,yes,yes,yes,yes,yes,yes,yes,no,rls,n/a,n/a,no,no,no,no,no,,,viewer,,responde sem erro de servidor; recusa quem a classe não autoriza,200 respondeu,handler executado,PASS,docs/execution/TEST_EVIDENCE.md
post_v1_integrations_connections,POST,/v1/integrations/connections,organizacao_por_papel,no,no,no,no,no,yes,yes,yes,role,role,no,rls,schema_422,n/a,no,yes,no,no,no,,,manager,,responde sem erro de servidor; recusa quem a classe não autoriza,422 recusou o corpo incompleto,recusada pelo schema antes do handler,PASS,docs/execution/TEST_EVIDENCE.md
delete_v1_integrations_connections_id,DELETE,/v1/integrations/connections/{id},organizacao_por_papel,no,no,no,no,no,no,no,yes,role,role,no,rls,n/a,404,no,yes,no,no,no,,,owner,,responde sem erro de servidor; recusa quem a classe não autoriza,404 não encontrou o objeto inexistente informado,handler executado,PASS,docs/execution/TEST_EVIDENCE.md
get_v1_integrations_connections_id,GET,/v1/integrations/connections/{id},organizacao,no,no,yes,yes,yes,yes,yes,yes,yes,yes,no,rls,n/a,404,no,no,no,no,no,,,viewer,,responde sem erro de servidor; recusa quem a classe não autoriza,404 não encontrou o objeto inexistente informado,handler executado,PASS,docs/execution/TEST_EVIDENCE.md
patch_v1_integrations_connections_id,PATCH,/v1/integrations/connections/{id},organizacao_por_papel,no,no,no,no,no,yes,yes,yes,role,role,no,rls,schema_422,404,no,yes,no,no,no,,,manager,,responde sem erro de servidor; recusa quem a classe não autoriza,404 não encontrou o objeto inexistente informado,handler executado,PASS,docs/execution/TEST_EVIDENCE.md
delete_v1_integrations_connections_id_credential,DELETE,/v1/integrations/connections/{id}/credential,organizacao_por_papel,no,no,no,no,no,no,no,yes,role,role,no,rls,n/a,404,no,yes,no,no,no,,,owner,,responde sem erro de servidor; recusa quem a classe não autoriza,404 não encontrou o objeto inexistente informado,handler executado,PASS,docs/execution/TEST_EVIDENCE.md
put_v1_integrations_connections_id_credential,PUT,/v1/integrations/connections/{id}/credential,organizacao_por_papel,no,no,no,no,no,no,no,yes,role,role,no,rls,schema_422,404,no,yes,no,no,no,,,owner,,responde sem erro de servidor; recusa quem a classe não autoriza,422 recusou o corpo incompleto,recusada pelo schema antes do handler,PASS,docs/execution/TEST_EVIDENCE.md
post_v1_integrations_connections_id_health,POST,/v1/integrations/connections/{id}/health,organizacao,no,no,yes,yes,yes,yes,yes,yes,yes,yes,no,rls,n/a,404,60/3600s,no,no,no,no,,,viewer,,responde sem erro de servidor; recusa quem a classe não autoriza,404 não encontrou o objeto inexistente informado,handler executado,PASS,docs/execution/TEST_EVIDENCE.md
post_v1_integrations_connections_id_jobs,POST,/v1/integrations/connections/{id}/jobs,organizacao_por_papel,no,no,no,no,no,yes,yes,yes,role,role,no,rls,schema_422,404,120/3600s,yes,no,no,no,,,manager,,responde sem erro de servidor; recusa quem a classe não autoriza,422 recusou o corpo incompleto,recusada pelo schema antes do handler,PASS,docs/execution/TEST_EVIDENCE.md
get_v1_integrations_connections_id_mappings,GET,/v1/integrations/connections/{id}/mappings,organizacao,no,no,yes,yes,yes,yes,yes,yes,yes,yes,no,rls,n/a,404,no,no,no,no,no,,,viewer,,responde sem erro de servidor; recusa quem a classe não autoriza,404 não encontrou o objeto inexistente informado,handler executado,PASS,docs/execution/TEST_EVIDENCE.md
put_v1_integrations_connections_id_mappings,PUT,/v1/integrations/connections/{id}/mappings,organizacao_por_papel,no,no,no,no,no,yes,yes,yes,role,role,no,rls,schema_422,404,no,yes,no,no,no,,,manager,,responde sem erro de servidor; recusa quem a classe não autoriza,422 recusou o corpo incompleto,recusada pelo schema antes do handler,PASS,docs/execution/TEST_EVIDENCE.md
get_v1_integrations_datasets,GET,/v1/integrations/datasets,organizacao,no,no,yes,yes,yes,yes,yes,yes,yes,yes,no,rls,n/a,n/a,no,no,no,no,no,,,viewer,,responde sem erro de servidor; recusa quem a classe não autoriza,200 respondeu,handler executado,PASS,docs/execution/TEST_EVIDENCE.md
get_v1_integrations_deliveries,GET,/v1/integrations/deliveries,organizacao,no,no,yes,yes,yes,yes,yes,yes,yes,yes,no,rls,schema_422,n/a,no,no,no,no,no,,,viewer,,responde sem erro de servidor; recusa quem a classe não autoriza,200 respondeu,handler executado,PASS,docs/execution/TEST_EVIDENCE.md
post_v1_integrations_deliveries_id_replay,POST,/v1/integrations/deliveries/{id}/replay,organizacao_por_papel,no,no,no,no,no,yes,yes,yes,role,role,no,rls,n/a,404,no,yes,no,no,no,,,manager,,responde sem erro de servidor; recusa quem a classe não autoriza,404 não encontrou o objeto inexistente informado,handler executado,PASS,docs/execution/TEST_EVIDENCE.md
get_v1_integrations_events,GET,/v1/integrations/events,organizacao,no,no,yes,yes,yes,yes,yes,yes,yes,yes,no,rls,schema_422,n/a,no,no,no,no,no,,,viewer,,responde sem erro de servidor; recusa quem a classe não autoriza,200 respondeu,handler executado,PASS,docs/execution/TEST_EVIDENCE.md
get_v1_integrations_events_catalog,GET,/v1/integrations/events/catalog,organizacao,no,no,yes,yes,yes,yes,yes,yes,yes,yes,no,rls,n/a,n/a,no,no,no,no,no,,,viewer,,responde sem erro de servidor; recusa quem a classe não autoriza,200 respondeu,handler executado,PASS,docs/execution/TEST_EVIDENCE.md
get_v1_integrations_exports,GET,/v1/integrations/exports,organizacao,no,no,yes,yes,yes,yes,yes,yes,yes,yes,no,rls,n/a,n/a,no,no,no,no,no,,,viewer,,responde sem erro de servidor; recusa quem a classe não autoriza,200 respondeu,handler executado,PASS,docs/execution/TEST_EVIDENCE.md
post_v1_integrations_exports,POST,/v1/integrations/exports,organizacao_por_papel,no,no,no,no,no,yes,yes,yes,role,role,no,rls,schema_422,n/a,30/3600s,no,no,no,no,,,manager,,responde sem erro de servidor; recusa quem a classe não autoriza,422 recusou o corpo incompleto,recusada pelo schema antes do handler,PASS,docs/execution/TEST_EVIDENCE.md
get_v1_integrations_imports,GET,/v1/integrations/imports,organizacao,no,no,yes,yes,yes,yes,yes,yes,yes,yes,no,rls,n/a,n/a,no,no,no,no,no,,,viewer,,responde sem erro de servidor; recusa quem a classe não autoriza,200 respondeu,handler executado,PASS,docs/execution/TEST_EVIDENCE.md
post_v1_integrations_imports,POST,/v1/integrations/imports,organizacao_por_papel,no,no,no,no,no,yes,yes,yes,role,role,no,rls,schema_422,n/a,60/3600s,no,no,no,no,,,manager,,responde sem erro de servidor; recusa quem a classe não autoriza,422 recusou o corpo incompleto,recusada pelo schema antes do handler,PASS,docs/execution/TEST_EVIDENCE.md
get_v1_integrations_imports_id,GET,/v1/integrations/imports/{id},organizacao,no,no,yes,yes,yes,yes,yes,yes,yes,yes,no,rls,n/a,404,no,no,no,no,no,,,viewer,,responde sem erro de servidor; recusa quem a classe não autoriza,404 não encontrou o objeto inexistente informado,handler executado,PASS,docs/execution/TEST_EVIDENCE.md
post_v1_integrations_imports_id_approve,POST,/v1/integrations/imports/{id}/approve,organizacao_por_papel,no,no,no,no,no,no,no,yes,role,role,no,rls,schema_422,404,no,no,no,no,no,,,owner,,responde sem erro de servidor; recusa quem a classe não autoriza,404 não encontrou o objeto inexistente informado,handler executado,PASS,docs/execution/TEST_EVIDENCE.md
post_v1_integrations_inbound_connection_id,POST,/v1/integrations/inbound/{connection_id},publica,yes,yes,yes,yes,yes,yes,yes,yes,yes,yes,no,n/a,n/a,404,600/60s,no,no,no,yes,,,,,responde sem erro de servidor; recusa quem a classe não autoriza,404 não encontrou o objeto inexistente informado,handler executado,PASS,docs/execution/TEST_EVIDENCE.md
get_v1_integrations_jobs,GET,/v1/integrations/jobs,organizacao,no,no,yes,yes,yes,yes,yes,yes,yes,yes,no,rls,schema_422,n/a,no,no,no,no,no,,,viewer,,responde sem erro de servidor; recusa quem a classe não autoriza,200 respondeu,handler executado,PASS,docs/execution/TEST_EVIDENCE.md
get_v1_integrations_jobs_id,GET,/v1/integrations/jobs/{id},organizacao,no,no,yes,yes,yes,yes,yes,yes,yes,yes,no,rls,n/a,404,no,no,no,no,no,,,viewer,,responde sem erro de servidor; recusa quem a classe não autoriza,404 não encontrou o objeto inexistente informado,handler executado,PASS,docs/execution/TEST_EVIDENCE.md
post_v1_integrations_jobs_id_cancel,POST,/v1/integrations/jobs/{id}/cancel,organizacao_por_papel,no,no,no,no,no,yes,yes,yes,role,role,no,rls,n/a,404,no,yes,no,no,no,,,manager,,responde sem erro de servidor; recusa quem a classe não autoriza,404 não encontrou o objeto inexistente informado,handler executado,PASS,docs/execution/TEST_EVIDENCE.md
get_v1_integrations_links,GET,/v1/integrations/links,organizacao,no,no,yes,yes,yes,yes,yes,yes,yes,yes,no,rls,schema_422,n/a,no,no,no,no,no,,,viewer,,responde sem erro de servidor; recusa quem a classe não autoriza,200 respondeu,handler executado,PASS,docs/execution/TEST_EVIDENCE.md
get_v1_integrations_providers,GET,/v1/integrations/providers,organizacao,no,no,yes,yes,yes,yes,yes,yes,yes,yes,no,rls,n/a,n/a,no,no,no,no,no,,,viewer,,responde sem erro de servidor; recusa quem a classe não autoriza,200 respondeu,handler executado,PASS,docs/execution/TEST_EVIDENCE.md
get_v1_integrations_subscriptions,GET,/v1/integrations/subscriptions,organizacao,no,no,yes,yes,yes,yes,yes,yes,yes,yes,no,rls,n/a,n/a,no,no,no,no,no,,,viewer,,responde sem erro de servidor; recusa quem a classe não autoriza,200 respondeu,handler executado,PASS,docs/execution/TEST_EVIDENCE.md
post_v1_integrations_subscriptions,POST,/v1/integrations/subscriptions,organizacao_por_papel,no,no,no,no,no,yes,yes,yes,role,role,no,rls,schema_422,n/a,no,yes,no,no,no,,,manager,,responde sem erro de servidor; recusa quem a classe não autoriza,422 recusou o corpo incompleto,recusada pelo schema antes do handler,PASS,docs/execution/TEST_EVIDENCE.md
delete_v1_integrations_subscriptions_id,DELETE,/v1/integrations/subscriptions/{id},organizacao_por_papel,no,no,no,no,no,yes,yes,yes,role,role,no,rls,n/a,404,no,yes,no,no,no,,,manager,,responde sem erro de servidor; recusa quem a classe não autoriza,404 não encontrou o objeto inexistente informado,handler executado,PASS,docs/execution/TEST_EVIDENCE.md
patch_v1_integrations_subscriptions_id,PATCH,/v1/integrations/subscriptions/{id},organizacao_por_papel,no,no,no,no,no,yes,yes,yes,role,role,no,rls,schema_422,404,no,yes,no,no,no,,,manager,,responde sem erro de servidor; recusa quem a classe não autoriza,404 não encontrou o objeto inexistente informado,handler executado,PASS,docs/execution/TEST_EVIDENCE.md
post_v1_integrations_subscriptions_id_test,POST,/v1/integrations/subscriptions/{id}/test,organizacao_por_papel,no,no,no,no,no,yes,yes,yes,role,role,no,rls,n/a,404,30/3600s,no,no,no,no,,,manager,,responde sem erro de servidor; recusa quem a classe não autoriza,404 não encontrou o objeto inexistente informado,handler executado,PASS,docs/execution/TEST_EVIDENCE.md
post_v1_legal_acceptances,POST,/v1/legal/acceptances,usuario_sem_organizacao,no,yes,yes,yes,yes,yes,yes,yes,yes,yes,no,system,schema_422,n/a,no,no,no,no,no,,,,,responde sem erro de servidor; recusa quem a classe não autoriza,422 recusou o corpo incompleto,recusada pelo schema antes do handler,PASS,docs/execution/TEST_EVIDENCE.md
get_v1_legal_acceptances_mine,GET,/v1/legal/acceptances/mine,usuario_sem_organizacao,no,yes,yes,yes,yes,yes,yes,yes,yes,yes,no,system,n/a,n/a,no,no,no,no,no,,,,,responde sem erro de servidor; recusa quem a classe não autoriza,200 respondeu,handler executado,PASS,docs/execution/TEST_EVIDENCE.md
get_v1_legal_documents_doc_key,GET,/v1/legal/documents/{doc_key},publica,yes,yes,yes,yes,yes,yes,yes,yes,yes,yes,no,n/a,n/a,404,no,no,no,no,no,,,,,responde sem erro de servidor; recusa quem a classe não autoriza,404 não encontrou o objeto inexistente informado,handler executado,PASS,docs/execution/TEST_EVIDENCE.md
get_v1_legal_pending,GET,/v1/legal/pending,usuario_sem_organizacao,no,yes,yes,yes,yes,yes,yes,yes,yes,yes,no,system,n/a,n/a,no,no,no,no,no,,,,,responde sem erro de servidor; recusa quem a classe não autoriza,200 respondeu,handler executado,PASS,docs/execution/TEST_EVIDENCE.md
get_v1_legal_registry,GET,/v1/legal/registry,publica,yes,yes,yes,yes,yes,yes,yes,yes,yes,yes,no,n/a,n/a,n/a,no,no,no,no,no,,,,,responde sem erro de servidor; recusa quem a classe não autoriza,200 respondeu,handler executado,PASS,docs/execution/TEST_EVIDENCE.md
get_v1_legal_doc,GET,/v1/legal/{doc},publica,yes,yes,yes,yes,yes,yes,yes,yes,yes,yes,no,n/a,n/a,404,no,no,no,no,no,,,,,responde sem erro de servidor; recusa quem a classe não autoriza,404 não encontrou o objeto inexistente informado,handler executado,PASS,docs/execution/TEST_EVIDENCE.md
get_v1_lookups,GET,/v1/lookups,usuario_sem_organizacao,no,yes,yes,yes,yes,yes,yes,yes,yes,yes,no,system,n/a,n/a,no,no,no,no,no,,,,,responde sem erro de servidor; recusa quem a classe não autoriza,200 respondeu,handler executado,PASS,docs/execution/TEST_EVIDENCE.md
get_v1_lookups_lookup_key,GET,/v1/lookups/{lookup_key},organizacao,no,no,yes,yes,yes,yes,yes,yes,yes,yes,no,rls,schema_422,404,no,no,no,no,no,,,viewer,,responde sem erro de servidor; recusa quem a classe não autoriza,422 recusou o corpo incompleto,handler executado,PASS,docs/execution/TEST_EVIDENCE.md
get_v1_map_projects,GET,/v1/map/projects,organizacao,no,no,yes,yes,yes,yes,yes,yes,yes,yes,no,rls,n/a,n/a,no,no,no,no,no,,,viewer,,responde sem erro de servidor; recusa quem a classe não autoriza,200 respondeu,handler executado,PASS,docs/execution/TEST_EVIDENCE.md
get_v1_marketplace_feed,GET,/v1/marketplace/feed,publica,yes,yes,yes,yes,yes,yes,yes,yes,yes,yes,no,n/a,schema_422,n/a,no,no,no,no,no,,,,,responde sem erro de servidor; recusa quem a classe não autoriza,200 respondeu,handler executado,PASS,docs/execution/TEST_EVIDENCE.md
get_v1_marketplace_graph,GET,/v1/marketplace/graph,usuario_sem_organizacao,no,yes,yes,yes,yes,yes,yes,yes,yes,yes,no,system,n/a,n/a,no,no,no,no,no,,,,,responde sem erro de servidor; recusa quem a classe não autoriza,200 respondeu,handler executado,PASS,docs/execution/TEST_EVIDENCE.md
get_v1_marketplace_listings,GET,/v1/marketplace/listings,organizacao,no,no,yes,yes,yes,yes,yes,yes,yes,yes,no,rls,schema_422,n/a,no,no,no,no,no,,,viewer,,responde sem erro de servidor; recusa quem a classe não autoriza,200 respondeu,handler executado,PASS,docs/execution/TEST_EVIDENCE.md
post_v1_marketplace_listings,POST,/v1/marketplace/listings,organizacao_por_papel,no,no,no,no,no,yes,yes,yes,role,role,no,rls,schema_422,n/a,no,yes,no,no,no,,,manager,,responde sem erro de servidor; recusa quem a classe não autoriza,422 recusou o corpo incompleto,recusada pelo schema antes do handler,PASS,docs/execution/TEST_EVIDENCE.md
get_v1_marketplace_listings_listing_id,GET,/v1/marketplace/listings/{listing_id},publica,yes,yes,yes,yes,yes,yes,yes,yes,yes,yes,no,n/a,n/a,404,no,no,no,no,no,,,,,responde sem erro de servidor; recusa quem a classe não autoriza,404 não encontrou o objeto inexistente informado,handler executado,PASS,docs/execution/TEST_EVIDENCE.md
patch_v1_marketplace_listings_listing_id,PATCH,/v1/marketplace/listings/{listing_id},organizacao_por_papel,no,no,no,no,no,yes,yes,yes,role,role,no,rls,schema_422,404,no,yes,no,no,no,,,manager,,responde sem erro de servidor; recusa quem a classe não autoriza,404 não encontrou o objeto inexistente informado,handler executado,PASS,docs/execution/TEST_EVIDENCE.md
post_v1_marketplace_listings_listing_id_transition,POST,/v1/marketplace/listings/{listing_id}/transition,organizacao_por_papel,no,no,no,no,no,yes,yes,yes,role,role,no,rls,schema_422,404,no,yes,no,no,no,,,manager,,responde sem erro de servidor; recusa quem a classe não autoriza,422 recusou o corpo incompleto,recusada pelo schema antes do handler,PASS,docs/execution/TEST_EVIDENCE.md
get_v1_match-runs_match_run_id_feedback,GET,/v1/match-runs/{match_run_id}/feedback,organizacao,no,no,yes,yes,yes,yes,yes,yes,yes,yes,no,rls,n/a,404,no,no,no,no,no,,,viewer,,responde sem erro de servidor; recusa quem a classe não autoriza,200 respondeu,handler executado,PASS,docs/execution/TEST_EVIDENCE.md
post_v1_match-runs_match_run_id_feedback,POST,/v1/match-runs/{match_run_id}/feedback,organizacao_por_papel,no,no,no,yes,yes,yes,yes,yes,role,role,no,rls,schema_422,404,no,yes,no,no,no,,,member,,responde sem erro de servidor; recusa quem a classe não autoriza,422 recusou o corpo incompleto,recusada pelo schema antes do handler,PASS,docs/execution/TEST_EVIDENCE.md
get_v1_materiality,GET,/v1/materiality,organizacao,no,no,yes,yes,yes,yes,yes,yes,yes,yes,no,rls,n/a,n/a,no,no,no,no,no,,,viewer,,responde sem erro de servidor; recusa quem a classe não autoriza,200 respondeu,handler executado,PASS,docs/execution/TEST_EVIDENCE.md
post_v1_materiality,POST,/v1/materiality,organizacao_por_papel,no,no,no,no,no,yes,yes,yes,role,role,no,rls,schema_422,n/a,no,no,no,no,no,,,manager,,responde sem erro de servidor; recusa quem a classe não autoriza,422 recusou o corpo incompleto,recusada pelo schema antes do handler,PASS,docs/execution/TEST_EVIDENCE.md
get_v1_materiality_topics,GET,/v1/materiality/topics,usuario_sem_organizacao,no,yes,yes,yes,yes,yes,yes,yes,yes,yes,no,system,n/a,n/a,no,no,no,no,no,,,,,responde sem erro de servidor; recusa quem a classe não autoriza,200 respondeu,handler executado,PASS,docs/execution/TEST_EVIDENCE.md
get_v1_materiality_assessment_id,GET,/v1/materiality/{assessment_id},organizacao,no,no,yes,yes,yes,yes,yes,yes,yes,yes,no,rls,n/a,404,no,no,no,no,no,,,viewer,,responde sem erro de servidor; recusa quem a classe não autoriza,404 não encontrou o objeto inexistente informado,handler executado,PASS,docs/execution/TEST_EVIDENCE.md
post_v1_materiality_assessment_id_publish,POST,/v1/materiality/{assessment_id}/publish,organizacao_por_papel,no,no,no,no,no,yes,yes,yes,role,role,no,rls,n/a,404,no,yes,no,no,no,,,manager,,responde sem erro de servidor; recusa quem a classe não autoriza,422 recusou o corpo incompleto,handler executado,PASS,docs/execution/TEST_EVIDENCE.md
put_v1_materiality_assessment_id_topics,PUT,/v1/materiality/{assessment_id}/topics,organizacao_por_papel,no,no,no,no,no,yes,yes,yes,role,role,no,rls,schema_422,404,no,no,no,no,no,,,manager,,responde sem erro de servidor; recusa quem a classe não autoriza,422 recusou o corpo incompleto,recusada pelo schema antes do handler,PASS,docs/execution/TEST_EVIDENCE.md
get_v1_materials,GET,/v1/materials,organizacao,no,no,yes,yes,yes,yes,yes,yes,yes,yes,no,rls,schema_422,n/a,no,no,no,no,no,,,viewer,,responde sem erro de servidor; recusa quem a classe não autoriza,200 respondeu,handler executado,PASS,docs/execution/TEST_EVIDENCE.md
post_v1_materials,POST,/v1/materials,organizacao_tipo_e_papel,no,no,kind,kind,kind,kind,kind,kind,kind,kind,no,rls,schema_422,n/a,no,yes,no,no,no,,,manager,government|platform,responde sem erro de servidor; recusa quem a classe não autoriza,422 recusou o corpo incompleto,recusada pelo schema antes do handler,PASS,docs/execution/TEST_EVIDENCE.md
get_v1_me,GET,/v1/me,usuario_sem_organizacao,no,yes,yes,yes,yes,yes,yes,yes,yes,yes,no,system,n/a,n/a,no,no,no,no,no,,,,,responde sem erro de servidor; recusa quem a classe não autoriza,200 respondeu,handler executado,PASS,docs/execution/TEST_EVIDENCE.md
get_v1_me_context,GET,/v1/me/context,usuario_sem_organizacao,no,yes,yes,yes,yes,yes,yes,yes,yes,yes,no,system,n/a,n/a,no,no,no,no,no,,,,,responde sem erro de servidor; recusa quem a classe não autoriza,200 respondeu,handler executado,PASS,docs/execution/TEST_EVIDENCE.md
get_v1_me_preferences,GET,/v1/me/preferences,usuario_sem_organizacao,no,yes,yes,yes,yes,yes,yes,yes,yes,yes,no,system,n/a,n/a,no,no,no,no,no,,,,,responde sem erro de servidor; recusa quem a classe não autoriza,200 respondeu,handler executado,PASS,docs/execution/TEST_EVIDENCE.md
put_v1_me_preferences,PUT,/v1/me/preferences,usuario_sem_organizacao,no,yes,yes,yes,yes,yes,yes,yes,yes,yes,no,system,schema_422,n/a,no,yes,no,no,no,,,,,responde sem erro de servidor; recusa quem a classe não autoriza,422 recusou o corpo incompleto,recusada pelo schema antes do handler,PASS,docs/execution/TEST_EVIDENCE.md
get_v1_me_security,GET,/v1/me/security,usuario_sem_organizacao,no,yes,yes,yes,yes,yes,yes,yes,yes,yes,no,system,n/a,n/a,no,no,no,no,no,,,,,responde sem erro de servidor; recusa quem a classe não autoriza,200 respondeu,handler executado,PASS,docs/execution/TEST_EVIDENCE.md
post_v1_me_switch-org,POST,/v1/me/switch-org,usuario_sem_organizacao,no,yes,yes,yes,yes,yes,yes,yes,yes,yes,no,system,schema_422,n/a,no,no,no,no,no,,,,,responde sem erro de servidor; recusa quem a classe não autoriza,422 recusou o corpo incompleto,recusada pelo schema antes do handler,PASS,docs/execution/TEST_EVIDENCE.md
get_v1_me_today,GET,/v1/me/today,usuario_sem_organizacao,no,yes,yes,yes,yes,yes,yes,yes,yes,yes,no,system,n/a,n/a,no,no,no,no,no,,,,,responde sem erro de servidor; recusa quem a classe não autoriza,200 respondeu,handler executado,PASS,docs/execution/TEST_EVIDENCE.md
get_v1_messages_conversations,GET,/v1/messages/conversations,organizacao,no,no,yes,yes,yes,yes,yes,yes,yes,yes,no,rls,n/a,n/a,no,no,no,no,no,,,viewer,,responde sem erro de servidor; recusa quem a classe não autoriza,200 respondeu,handler executado,PASS,docs/execution/TEST_EVIDENCE.md
get_v1_messages_conversations_conversation_id,GET,/v1/messages/conversations/{conversation_id},organizacao,no,no,yes,yes,yes,yes,yes,yes,yes,yes,no,rls,schema_422,404,no,no,no,no,no,,,viewer,,responde sem erro de servidor; recusa quem a classe não autoriza,404 não encontrou o objeto inexistente informado,handler executado,PASS,docs/execution/TEST_EVIDENCE.md
post_v1_messages_org_id,POST,/v1/messages/{org_id},organizacao_por_papel,no,no,no,yes,yes,yes,yes,yes,role,role,no,rls,schema_422,404,120/3600s,no,no,no,no,,,member,,responde sem erro de servidor; recusa quem a classe não autoriza,422 recusou o corpo incompleto,recusada pelo schema antes do handler,PASS,docs/execution/TEST_EVIDENCE.md
get_v1_meta_platform-status,GET,/v1/meta/platform-status,publica,yes,yes,yes,yes,yes,yes,yes,yes,yes,yes,no,n/a,n/a,n/a,no,no,no,no,no,,,,,responde sem erro de servidor; recusa quem a classe não autoriza,200 respondeu,handler executado,PASS,docs/execution/TEST_EVIDENCE.md
get_v1_moderation_ladder,GET,/v1/moderation/ladder,usuario_sem_organizacao,no,yes,yes,yes,yes,yes,yes,yes,yes,yes,no,system,n/a,n/a,no,no,no,no,no,,,,,responde sem erro de servidor; recusa quem a classe não autoriza,200 respondeu,handler executado,PASS,docs/execution/TEST_EVIDENCE.md
get_v1_monetization_legal-cards,GET,/v1/monetization/legal-cards,usuario_sem_organizacao,no,yes,yes,yes,yes,yes,yes,yes,yes,yes,no,system,n/a,n/a,no,no,no,no,no,,,,,responde sem erro de servidor; recusa quem a classe não autoriza,200 respondeu,handler executado,PASS,docs/execution/TEST_EVIDENCE.md
get_v1_monetization_pipeline,GET,/v1/monetization/pipeline,organizacao,no,no,yes,yes,yes,yes,yes,yes,yes,yes,no,rls,schema_422,n/a,no,no,no,no,no,,,viewer,,responde sem erro de servidor; recusa quem a classe não autoriza,200 respondeu,handler executado,PASS,docs/execution/TEST_EVIDENCE.md
get_v1_monetization_rules,GET,/v1/monetization/rules,usuario_sem_organizacao,no,yes,yes,yes,yes,yes,yes,yes,yes,yes,no,system,schema_422,n/a,no,no,no,no,no,,,,,responde sem erro de servidor; recusa quem a classe não autoriza,200 respondeu,handler executado,PASS,docs/execution/TEST_EVIDENCE.md
post_v1_needs_need_id_close,POST,/v1/needs/{need_id}/close,organizacao_tipo_e_papel,no,no,kind,kind,kind,kind,kind,kind,kind,kind,no,rls,n/a,404,no,no,no,no,no,,,member,osc,responde sem erro de servidor; recusa quem a classe não autoriza,404 não encontrou o objeto inexistente informado,handler executado,PASS,docs/execution/TEST_EVIDENCE.md
get_v1_needs_need_id_offers,GET,/v1/needs/{need_id}/offers,organizacao_tipo_e_papel,no,no,kind,kind,kind,kind,kind,kind,kind,kind,no,rls,n/a,404,no,no,no,no,no,,,viewer,osc,responde sem erro de servidor; recusa quem a classe não autoriza,404 não encontrou o objeto inexistente informado,handler executado,PASS,docs/execution/TEST_EVIDENCE.md
post_v1_needs_need_id_offers,POST,/v1/needs/{need_id}/offers,organizacao_tipo_e_papel,no,no,kind,kind,kind,kind,kind,kind,kind,kind,no,rls,schema_422,404,no,yes,no,no,no,,,member,provider,responde sem erro de servidor; recusa quem a classe não autoriza,404 não encontrou o objeto inexistente informado,handler executado,PASS,docs/execution/TEST_EVIDENCE.md
get_v1_needs_need_id_professionals,GET,/v1/needs/{need_id}/professionals,organizacao_tipo_e_papel,no,no,kind,kind,kind,kind,kind,kind,kind,kind,no,rls,n/a,404,no,no,no,no,no,,,viewer,osc,responde sem erro de servidor; recusa quem a classe não autoriza,404 não encontrou o objeto inexistente informado,handler executado,PASS,docs/execution/TEST_EVIDENCE.md
get_v1_network,GET,/v1/network,organizacao,no,no,yes,yes,yes,yes,yes,yes,yes,yes,no,rls,n/a,n/a,no,no,no,no,no,,,viewer,,responde sem erro de servidor; recusa quem a classe não autoriza,200 respondeu,handler executado,PASS,docs/execution/TEST_EVIDENCE.md
delete_v1_network_block_org_id,DELETE,/v1/network/block/{org_id},organizacao_por_papel,no,no,no,no,no,no,yes,yes,role,role,no,rls,n/a,404,no,no,no,no,no,,,admin,,responde sem erro de servidor; recusa quem a classe não autoriza,200 respondeu,handler executado,PASS,docs/execution/TEST_EVIDENCE.md
post_v1_network_block_org_id,POST,/v1/network/block/{org_id},organizacao_por_papel,no,no,no,no,no,no,yes,yes,role,role,no,rls,n/a,404,no,yes,no,no,no,,,admin,,responde sem erro de servidor; recusa quem a classe não autoriza,422 recusou o corpo incompleto,handler executado,PASS,docs/execution/TEST_EVIDENCE.md
get_v1_network_events,GET,/v1/network/events,organizacao,no,no,yes,yes,yes,yes,yes,yes,yes,yes,no,rls,schema_422,n/a,no,no,no,no,no,,,viewer,,responde sem erro de servidor; recusa quem a classe não autoriza,200 respondeu,handler executado,PASS,docs/execution/TEST_EVIDENCE.md
delete_v1_network_follow_org_id,DELETE,/v1/network/follow/{org_id},organizacao_por_papel,no,no,no,yes,yes,yes,yes,yes,role,role,no,rls,n/a,404,no,no,no,no,no,,,member,,responde sem erro de servidor; recusa quem a classe não autoriza,200 respondeu,handler executado,PASS,docs/execution/TEST_EVIDENCE.md
post_v1_network_follow_org_id,POST,/v1/network/follow/{org_id},organizacao_por_papel,no,no,no,yes,yes,yes,yes,yes,role,role,no,rls,n/a,404,no,no,no,no,no,,,member,,responde sem erro de servidor; recusa quem a classe não autoriza,422 recusou o corpo incompleto,handler executado,PASS,docs/execution/TEST_EVIDENCE.md
get_v1_network_graph,GET,/v1/network/graph,organizacao,no,no,yes,yes,yes,yes,yes,yes,yes,yes,no,rls,schema_422,n/a,no,no,no,no,no,,,viewer,,responde sem erro de servidor; recusa quem a classe não autoriza,200 respondeu,handler executado,PASS,docs/execution/TEST_EVIDENCE.md
get_v1_network_relationship-kinds,GET,/v1/network/relationship-kinds,usuario_sem_organizacao,no,yes,yes,yes,yes,yes,yes,yes,yes,yes,no,system,n/a,n/a,no,no,no,no,no,,,,,responde sem erro de servidor; recusa quem a classe não autoriza,200 respondeu,handler executado,PASS,docs/execution/TEST_EVIDENCE.md
get_v1_network_relationships,GET,/v1/network/relationships,organizacao,no,no,yes,yes,yes,yes,yes,yes,yes,yes,no,rls,schema_422,n/a,no,no,no,no,no,,,viewer,,responde sem erro de servidor; recusa quem a classe não autoriza,200 respondeu,handler executado,PASS,docs/execution/TEST_EVIDENCE.md
post_v1_network_relationships,POST,/v1/network/relationships,organizacao_por_papel,no,no,no,yes,yes,yes,yes,yes,role,role,no,rls,schema_422,n/a,no,yes,no,no,no,,,member,,responde sem erro de servidor; recusa quem a classe não autoriza,422 recusou o corpo incompleto,recusada pelo schema antes do handler,PASS,docs/execution/TEST_EVIDENCE.md
get_v1_network_relationships_counts,GET,/v1/network/relationships/counts,organizacao,no,no,yes,yes,yes,yes,yes,yes,yes,yes,no,rls,n/a,n/a,no,no,no,no,no,,,viewer,,responde sem erro de servidor; recusa quem a classe não autoriza,200 respondeu,handler executado,PASS,docs/execution/TEST_EVIDENCE.md
post_v1_network_relationships_rel_id_transition,POST,/v1/network/relationships/{rel_id}/transition,organizacao_por_papel,no,no,no,yes,yes,yes,yes,yes,role,role,no,rls,schema_422,404,no,yes,no,no,no,,,member,,responde sem erro de servidor; recusa quem a classe não autoriza,422 recusou o corpo incompleto,recusada pelo schema antes do handler,PASS,docs/execution/TEST_EVIDENCE.md
put_v1_network_relationships_rel_id_visibility,PUT,/v1/network/relationships/{rel_id}/visibility,organizacao_por_papel,no,no,no,no,no,yes,yes,yes,role,role,no,rls,schema_422,404,no,yes,no,no,no,,,manager,,responde sem erro de servidor; recusa quem a classe não autoriza,422 recusou o corpo incompleto,recusada pelo schema antes do handler,PASS,docs/execution/TEST_EVIDENCE.md
get_v1_notifications,GET,/v1/notifications,organizacao,no,no,yes,yes,yes,yes,yes,yes,yes,yes,no,rls,schema_422,n/a,no,no,no,no,no,,,viewer,,responde sem erro de servidor; recusa quem a classe não autoriza,200 respondeu,handler executado,PASS,docs/execution/TEST_EVIDENCE.md
get_v1_notifications_catalog,GET,/v1/notifications/catalog,usuario_sem_organizacao,no,yes,yes,yes,yes,yes,yes,yes,yes,yes,no,system,n/a,n/a,no,no,no,no,no,,,,,responde sem erro de servidor; recusa quem a classe não autoriza,200 respondeu,handler executado,PASS,docs/execution/TEST_EVIDENCE.md
get_v1_notifications_prefs,GET,/v1/notifications/prefs,usuario_sem_organizacao,no,yes,yes,yes,yes,yes,yes,yes,yes,yes,no,system,n/a,n/a,no,no,no,no,no,,,,,responde sem erro de servidor; recusa quem a classe não autoriza,200 respondeu,handler executado,PASS,docs/execution/TEST_EVIDENCE.md
put_v1_notifications_prefs,PUT,/v1/notifications/prefs,usuario_sem_organizacao,no,yes,yes,yes,yes,yes,yes,yes,yes,yes,no,system,schema_422,n/a,no,no,no,no,no,,,,,responde sem erro de servidor; recusa quem a classe não autoriza,422 recusou o corpo incompleto,recusada pelo schema antes do handler,PASS,docs/execution/TEST_EVIDENCE.md
post_v1_notifications_read-all,POST,/v1/notifications/read-all,organizacao,no,no,yes,yes,yes,yes,yes,yes,yes,yes,no,rls,n/a,n/a,no,no,no,no,no,,,viewer,,responde sem erro de servidor; recusa quem a classe não autoriza,200 respondeu,handler executado,PASS,docs/execution/TEST_EVIDENCE.md
post_v1_notifications_notification_id_read,POST,/v1/notifications/{notification_id}/read,organizacao,no,no,yes,yes,yes,yes,yes,yes,yes,yes,no,rls,n/a,404,no,no,no,no,no,,,viewer,,responde sem erro de servidor; recusa quem a classe não autoriza,404 não encontrou o objeto inexistente informado,handler executado,PASS,docs/execution/TEST_EVIDENCE.md
get_v1_ods,GET,/v1/ods,organizacao,no,no,yes,yes,yes,yes,yes,yes,yes,yes,no,rls,n/a,n/a,no,no,no,no,no,,,viewer,,responde sem erro de servidor; recusa quem a classe não autoriza,200 respondeu,handler executado,PASS,docs/execution/TEST_EVIDENCE.md
get_v1_ods_number_targets,GET,/v1/ods/{number}/targets,organizacao,no,no,yes,yes,yes,yes,yes,yes,yes,yes,no,rls,n/a,404,no,no,no,no,no,,,viewer,,responde sem erro de servidor; recusa quem a classe não autoriza,404 não encontrou o objeto inexistente informado,handler executado,PASS,docs/execution/TEST_EVIDENCE.md
post_v1_offers_offer_id_decide,POST,/v1/offers/{offer_id}/decide,organizacao_tipo_e_papel,no,no,kind,kind,kind,kind,kind,kind,kind,kind,no,rls,schema_422,404,no,yes,no,no,no,,,manager,osc,responde sem erro de servidor; recusa quem a classe não autoriza,422 recusou o corpo incompleto,recusada pelo schema antes do handler,PASS,docs/execution/TEST_EVIDENCE.md
get_v1_operacoes_alerts,GET,/v1/operacoes/alerts,plataforma_com_permissao,no,no,no,no,no,no,no,no,no,perm,yes,system,n/a,n/a,no,no,no,no,no,,health.read,,,responde sem erro de servidor; recusa quem a classe não autoriza,200 respondeu,handler executado,PASS,docs/execution/TEST_EVIDENCE.md
get_v1_operacoes_health,GET,/v1/operacoes/health,plataforma_com_permissao,no,no,no,no,no,no,no,no,no,perm,yes,system,n/a,n/a,no,no,no,no,no,,health.read,,,responde sem erro de servidor; recusa quem a classe não autoriza,200 respondeu,handler executado,PASS,docs/execution/TEST_EVIDENCE.md
get_v1_org,GET,/v1/org,organizacao,no,no,yes,yes,yes,yes,yes,yes,yes,yes,no,rls,n/a,n/a,no,no,no,no,no,,,viewer,,responde sem erro de servidor; recusa quem a classe não autoriza,200 respondeu,handler executado,PASS,docs/execution/TEST_EVIDENCE.md
patch_v1_org,PATCH,/v1/org,organizacao_por_papel,no,no,no,no,no,no,yes,yes,role,role,no,rls,schema_422,n/a,no,yes,no,no,no,,,admin,,responde sem erro de servidor; recusa quem a classe não autoriza,422 recusou o corpo incompleto,handler executado,PASS,docs/execution/TEST_EVIDENCE.md
get_v1_org_credentials,GET,/v1/org/credentials,organizacao_tipo_e_papel,no,no,kind,kind,kind,kind,kind,kind,kind,kind,no,rls,n/a,n/a,no,no,no,no,no,,,viewer,provider,responde sem erro de servidor; recusa quem a classe não autoriza,200 respondeu,handler executado,PASS,docs/execution/TEST_EVIDENCE.md
post_v1_org_credentials,POST,/v1/org/credentials,organizacao_tipo_e_papel,no,no,kind,kind,kind,kind,kind,kind,kind,kind,no,rls,schema_422,n/a,no,yes,no,no,no,,,member,provider,responde sem erro de servidor; recusa quem a classe não autoriza,422 recusou o corpo incompleto,recusada pelo schema antes do handler,PASS,docs/execution/TEST_EVIDENCE.md
post_v1_org_credentials_credential_id_document,POST,/v1/org/credentials/{credential_id}/document,organizacao_por_papel,no,no,no,no,no,yes,yes,yes,role,role,no,rls,schema_422,404,no,yes,no,no,no,,,manager,,responde sem erro de servidor; recusa quem a classe não autoriza,422 recusou o corpo incompleto,recusada pelo schema antes do handler,PASS,docs/execution/TEST_EVIDENCE.md
get_v1_org_credentials_credential_id_history,GET,/v1/org/credentials/{credential_id}/history,organizacao,no,no,yes,yes,yes,yes,yes,yes,yes,yes,no,rls,n/a,404,no,no,no,no,no,,,viewer,,responde sem erro de servidor; recusa quem a classe não autoriza,404 não encontrou o objeto inexistente informado,handler executado,PASS,docs/execution/TEST_EVIDENCE.md
get_v1_org_experience-requests,GET,/v1/org/experience-requests,organizacao_por_papel,no,no,no,no,no,yes,yes,yes,role,role,no,rls,n/a,n/a,no,no,no,no,no,,,manager,,responde sem erro de servidor; recusa quem a classe não autoriza,200 respondeu,handler executado,PASS,docs/execution/TEST_EVIDENCE.md
post_v1_org_experience-requests_experience_id_decide,POST,/v1/org/experience-requests/{experience_id}/decide,organizacao_por_papel,no,no,no,no,no,yes,yes,yes,role,role,no,rls,schema_422,404,no,yes,no,no,no,,,manager,,responde sem erro de servidor; recusa quem a classe não autoriza,422 recusou o corpo incompleto,recusada pelo schema antes do handler,PASS,docs/execution/TEST_EVIDENCE.md
put_v1_org_funder-profile,PUT,/v1/org/funder-profile,organizacao_tipo_e_papel,no,no,kind,kind,kind,kind,kind,kind,kind,kind,no,rls,schema_422,n/a,no,yes,no,no,no,,,manager,company|individual,responde sem erro de servidor; recusa quem a classe não autoriza,200 respondeu,handler executado,PASS,docs/execution/TEST_EVIDENCE.md
put_v1_org_geo,PUT,/v1/org/geo,organizacao_por_papel,no,no,no,no,no,no,no,yes,role,role,no,rls,schema_422,n/a,no,yes,no,no,no,,,owner,,responde sem erro de servidor; recusa quem a classe não autoriza,422 recusou o corpo incompleto,recusada pelo schema antes do handler,PASS,docs/execution/TEST_EVIDENCE.md
get_v1_org_invitations,GET,/v1/org/invitations,organizacao_por_papel,no,no,no,no,no,no,yes,yes,role,role,no,rls,n/a,n/a,no,no,no,no,no,,,admin,,responde sem erro de servidor; recusa quem a classe não autoriza,200 respondeu,handler executado,PASS,docs/execution/TEST_EVIDENCE.md
post_v1_org_invitations,POST,/v1/org/invitations,organizacao_por_papel,no,no,no,no,no,no,yes,yes,role,role,no,rls,schema_422,n/a,no,no,no,no,no,,,admin,,responde sem erro de servidor; recusa quem a classe não autoriza,422 recusou o corpo incompleto,recusada pelo schema antes do handler,PASS,docs/execution/TEST_EVIDENCE.md
delete_v1_org_invitations_invitation_id,DELETE,/v1/org/invitations/{invitation_id},organizacao_por_papel,no,no,no,no,no,no,yes,yes,role,role,no,rls,n/a,404,no,yes,no,no,no,,,admin,,responde sem erro de servidor; recusa quem a classe não autoriza,404 não encontrou o objeto inexistente informado,handler executado,PASS,docs/execution/TEST_EVIDENCE.md
get_v1_org_members,GET,/v1/org/members,organizacao,no,no,yes,yes,yes,yes,yes,yes,yes,yes,no,rls,n/a,n/a,no,no,no,no,no,,,viewer,,responde sem erro de servidor; recusa quem a classe não autoriza,200 respondeu,handler executado,PASS,docs/execution/TEST_EVIDENCE.md
delete_v1_org_members_user_id,DELETE,/v1/org/members/{user_id},organizacao_por_papel,no,no,no,no,no,no,yes,yes,role,role,no,rls,n/a,404,no,yes,no,no,no,,,admin,,responde sem erro de servidor; recusa quem a classe não autoriza,409 recusou pelo estado atual,handler executado,PASS,docs/execution/TEST_EVIDENCE.md
patch_v1_org_members_user_id,PATCH,/v1/org/members/{user_id},organizacao_por_papel,no,no,no,no,no,no,yes,yes,role,role,no,rls,schema_422,404,no,yes,no,no,no,,,admin,,responde sem erro de servidor; recusa quem a classe não autoriza,422 recusou o corpo incompleto,recusada pelo schema antes do handler,PASS,docs/execution/TEST_EVIDENCE.md
put_v1_org_provider-profile,PUT,/v1/org/provider-profile,organizacao_tipo_e_papel,no,no,kind,kind,kind,kind,kind,kind,kind,kind,no,rls,schema_422,n/a,no,yes,no,no,no,,,manager,provider,responde sem erro de servidor; recusa quem a classe não autoriza,200 respondeu,handler executado,PASS,docs/execution/TEST_EVIDENCE.md
get_v1_org_tax-profile,GET,/v1/org/tax-profile,organizacao_tipo_e_papel,no,no,kind,kind,kind,kind,kind,kind,kind,kind,no,rls,n/a,n/a,no,no,no,no,no,,,analyst,company,responde sem erro de servidor; recusa quem a classe não autoriza,200 respondeu,handler executado,PASS,docs/execution/TEST_EVIDENCE.md
put_v1_org_tax-profile,PUT,/v1/org/tax-profile,organizacao_tipo_e_papel,no,no,kind,kind,kind,kind,kind,kind,kind,kind,no,rls,schema_422,n/a,no,yes,no,no,no,,,manager,company,responde sem erro de servidor; recusa quem a classe não autoriza,422 recusou o corpo incompleto,recusada pelo schema antes do handler,PASS,docs/execution/TEST_EVIDENCE.md
get_v1_organizations_org_id,GET,/v1/organizations/{org_id},organizacao,no,no,yes,yes,yes,yes,yes,yes,yes,yes,no,rls,n/a,404,no,no,no,no,no,,,viewer,,responde sem erro de servidor; recusa quem a classe não autoriza,200 respondeu,handler executado,PASS,docs/execution/TEST_EVIDENCE.md
get_v1_organizations_org_id_compliance,GET,/v1/organizations/{org_id}/compliance,organizacao_tipo_e_papel,no,no,kind,kind,kind,kind,kind,kind,kind,kind,no,rls,n/a,404,no,no,no,no,no,,,viewer,company|government|individual,responde sem erro de servidor; recusa quem a classe não autoriza,404 não encontrou o objeto inexistente informado,handler executado,PASS,docs/execution/TEST_EVIDENCE.md
get_v1_organizations_org_id_reputation,GET,/v1/organizations/{org_id}/reputation,usuario_sem_organizacao,no,yes,yes,yes,yes,yes,yes,yes,yes,yes,no,system,n/a,404,no,no,no,no,no,,,,,responde sem erro de servidor; recusa quem a classe não autoriza,200 respondeu,handler executado,PASS,docs/execution/TEST_EVIDENCE.md
get_v1_organizations_org_id_reputation_timeline,GET,/v1/organizations/{org_id}/reputation/timeline,usuario_sem_organizacao,no,yes,yes,yes,yes,yes,yes,yes,yes,yes,no,system,schema_422,404,no,no,no,no,no,,,,,responde sem erro de servidor; recusa quem a classe não autoriza,200 respondeu,handler executado,PASS,docs/execution/TEST_EVIDENCE.md
post_v1_orgs,POST,/v1/orgs,usuario_sem_organizacao,no,yes,yes,yes,yes,yes,yes,yes,yes,yes,no,system,schema_422,n/a,no,no,no,no,no,,,,,responde sem erro de servidor; recusa quem a classe não autoriza,422 recusou o corpo incompleto,recusada pelo schema antes do handler,PASS,docs/execution/TEST_EVIDENCE.md
get_v1_participations,GET,/v1/participations,organizacao,no,no,yes,yes,yes,yes,yes,yes,yes,yes,no,rls,n/a,n/a,no,no,no,no,no,,,viewer,,responde sem erro de servidor; recusa quem a classe não autoriza,200 respondeu,handler executado,PASS,docs/execution/TEST_EVIDENCE.md
get_v1_participations_participation_id,GET,/v1/participations/{participation_id},organizacao,no,no,yes,yes,yes,yes,yes,yes,yes,yes,no,rls,n/a,404,no,no,no,no,no,,,viewer,,responde sem erro de servidor; recusa quem a classe não autoriza,404 não encontrou o objeto inexistente informado,handler executado,PASS,docs/execution/TEST_EVIDENCE.md
post_v1_participations_participation_id_accept,POST,/v1/participations/{participation_id}/accept,organizacao_por_papel,no,no,no,no,no,no,no,yes,role,role,no,rls,n/a,404,no,yes,yes,no,no,,,owner,,responde sem erro de servidor; recusa quem a classe não autoriza,404 não encontrou o objeto inexistente informado,handler executado,PASS,docs/execution/TEST_EVIDENCE.md
post_v1_participations_participation_id_cancel,POST,/v1/participations/{participation_id}/cancel,organizacao_por_papel,no,no,no,no,no,no,no,yes,role,role,no,rls,schema_422,404,no,yes,no,no,no,,,owner,,responde sem erro de servidor; recusa quem a classe não autoriza,422 recusou o corpo incompleto,recusada pelo schema antes do handler,PASS,docs/execution/TEST_EVIDENCE.md
get_v1_payments,GET,/v1/payments,organizacao,no,no,yes,yes,yes,yes,yes,yes,yes,yes,no,rls,schema_422,n/a,no,no,no,no,no,,,viewer,,responde sem erro de servidor; recusa quem a classe não autoriza,200 respondeu,handler executado,PASS,docs/execution/TEST_EVIDENCE.md
get_v1_payments_charges,GET,/v1/payments/charges,organizacao,no,no,yes,yes,yes,yes,yes,yes,yes,yes,no,rls,schema_422,n/a,no,no,no,no,no,,,viewer,,responde sem erro de servidor; recusa quem a classe não autoriza,200 respondeu,handler executado,PASS,docs/execution/TEST_EVIDENCE.md
post_v1_payments_charges,POST,/v1/payments/charges,organizacao_por_papel,no,no,no,no,no,no,no,yes,role,role,no,rls,schema_422,n/a,no,no,no,no,no,,,owner,,responde sem erro de servidor; recusa quem a classe não autoriza,422 recusou o corpo incompleto,recusada pelo schema antes do handler,PASS,docs/execution/TEST_EVIDENCE.md
get_v1_payments_charges_charge_id,GET,/v1/payments/charges/{charge_id},organizacao,no,no,yes,yes,yes,yes,yes,yes,yes,yes,no,rls,n/a,404,no,no,no,no,no,,,viewer,,responde sem erro de servidor; recusa quem a classe não autoriza,404 não encontrou o objeto inexistente informado,handler executado,PASS,docs/execution/TEST_EVIDENCE.md
put_v1_payments_charges_charge_id_installments,PUT,/v1/payments/charges/{charge_id}/installments,organizacao_por_papel,no,no,no,no,no,no,no,yes,role,role,no,rls,schema_422,404,no,no,no,no,no,,,owner,,responde sem erro de servidor; recusa quem a classe não autoriza,422 recusou o corpo incompleto,recusada pelo schema antes do handler,PASS,docs/execution/TEST_EVIDENCE.md
post_v1_payments_charges_charge_id_transition,POST,/v1/payments/charges/{charge_id}/transition,organizacao_por_papel,no,no,no,no,no,no,no,yes,role,role,no,rls,schema_422,404,no,no,no,no,no,,,owner,,responde sem erro de servidor; recusa quem a classe não autoriza,422 recusou o corpo incompleto,recusada pelo schema antes do handler,PASS,docs/execution/TEST_EVIDENCE.md
get_v1_payments_state-graph,GET,/v1/payments/state-graph,usuario_sem_organizacao,no,yes,yes,yes,yes,yes,yes,yes,yes,yes,no,system,n/a,n/a,no,no,no,no,no,,,,,responde sem erro de servidor; recusa quem a classe não autoriza,200 respondeu,handler executado,PASS,docs/execution/TEST_EVIDENCE.md
get_v1_payments_status,GET,/v1/payments/status,usuario_sem_organizacao,no,yes,yes,yes,yes,yes,yes,yes,yes,yes,no,system,n/a,n/a,no,no,no,no,no,,,,,responde sem erro de servidor; recusa quem a classe não autoriza,200 respondeu,handler executado,PASS,docs/execution/TEST_EVIDENCE.md
get_v1_payments_payment_id,GET,/v1/payments/{payment_id},organizacao,no,no,yes,yes,yes,yes,yes,yes,yes,yes,no,rls,n/a,404,no,no,no,no,no,,,viewer,,responde sem erro de servidor; recusa quem a classe não autoriza,404 não encontrou o objeto inexistente informado,handler executado,PASS,docs/execution/TEST_EVIDENCE.md
post_v1_payments_payment_id_reconcile-manual,POST,/v1/payments/{payment_id}/reconcile-manual,organizacao_tipo_e_papel,no,no,kind,kind,kind,kind,kind,kind,kind,kind,no,rls,schema_422,404,no,yes,no,no,no,,,manager,osc,responde sem erro de servidor; recusa quem a classe não autoriza,422 recusou o corpo incompleto,recusada pelo schema antes do handler,PASS,docs/execution/TEST_EVIDENCE.md
post_v1_payments_payment_id_refunds,POST,/v1/payments/{payment_id}/refunds,organizacao_por_papel,no,no,no,no,no,yes,yes,yes,role,role,no,rls,schema_422,404,no,yes,no,no,no,,,manager,,responde sem erro de servidor; recusa quem a classe não autoriza,422 recusou o corpo incompleto,recusada pelo schema antes do handler,PASS,docs/execution/TEST_EVIDENCE.md
post_v1_payments_payment_id_transition,POST,/v1/payments/{payment_id}/transition,organizacao_por_papel,no,no,no,no,no,yes,yes,yes,role,role,no,rls,schema_422,404,no,yes,no,no,no,,,manager,,responde sem erro de servidor; recusa quem a classe não autoriza,422 recusou o corpo incompleto,recusada pelo schema antes do handler,PASS,docs/execution/TEST_EVIDENCE.md
post_v1_payout-transfers_transfer_id_confirm,POST,/v1/payout-transfers/{transfer_id}/confirm,organizacao_por_papel,no,no,no,no,no,no,no,yes,role,role,no,rls,n/a,404,no,yes,yes,no,no,,,owner,,responde sem erro de servidor; recusa quem a classe não autoriza,404 não encontrou o objeto inexistente informado,handler executado,PASS,docs/execution/TEST_EVIDENCE.md
post_v1_payout-transfers_transfer_id_reject,POST,/v1/payout-transfers/{transfer_id}/reject,organizacao_por_papel,no,no,no,no,no,no,no,yes,role,role,no,rls,schema_422,404,no,yes,no,no,no,,,owner,,responde sem erro de servidor; recusa quem a classe não autoriza,422 recusou o corpo incompleto,recusada pelo schema antes do handler,PASS,docs/execution/TEST_EVIDENCE.md
post_v1_payouts_payout_id_reconcile,POST,/v1/payouts/{payout_id}/reconcile,organizacao_por_papel,no,no,no,no,no,no,no,yes,role,role,no,rls,schema_422,404,no,yes,yes,no,no,,,owner,,responde sem erro de servidor; recusa quem a classe não autoriza,422 recusou o corpo incompleto,recusada pelo schema antes do handler,PASS,docs/execution/TEST_EVIDENCE.md
post_v1_payouts_payout_id_transfers,POST,/v1/payouts/{payout_id}/transfers,organizacao_por_papel,no,no,no,no,no,no,no,yes,role,role,no,rls,schema_422,404,no,yes,yes,no,no,,,owner,,responde sem erro de servidor; recusa quem a classe não autoriza,422 recusou o corpo incompleto,recusada pelo schema antes do handler,PASS,docs/execution/TEST_EVIDENCE.md
get_v1_plans,GET,/v1/plans,publica,yes,yes,yes,yes,yes,yes,yes,yes,yes,yes,no,n/a,n/a,n/a,no,no,no,no,no,,,,,responde sem erro de servidor; recusa quem a classe não autoriza,200 respondeu,handler executado,PASS,docs/execution/TEST_EVIDENCE.md
get_v1_portfolio,GET,/v1/portfolio,organizacao_tipo_e_papel,no,no,kind,kind,kind,kind,kind,kind,kind,kind,no,rls,n/a,n/a,no,no,no,no,no,,,viewer,company|government|individual,responde sem erro de servidor; recusa quem a classe não autoriza,200 respondeu,handler executado,PASS,docs/execution/TEST_EVIDENCE.md
post_v1_privacy_consents,POST,/v1/privacy/consents,usuario_sem_organizacao,no,yes,yes,yes,yes,yes,yes,yes,yes,yes,no,system,schema_422,n/a,no,no,no,no,no,,,,,responde sem erro de servidor; recusa quem a classe não autoriza,422 recusou o corpo incompleto,recusada pelo schema antes do handler,PASS,docs/execution/TEST_EVIDENCE.md
post_v1_privacy_delete-account,POST,/v1/privacy/delete-account,usuario_sem_organizacao,no,yes,yes,yes,yes,yes,yes,yes,yes,yes,no,system,schema_422,n/a,5/3600s,yes,no,no,no,,,,,responde sem erro de servidor; recusa quem a classe não autoriza,pulada pela varredura por ser destrutiva (motivo em PULADAS),pulada por ser destrutiva (motivo em PULADAS),PASS,docs/execution/TEST_EVIDENCE.md
get_v1_privacy_export,GET,/v1/privacy/export,usuario_sem_organizacao,no,yes,yes,yes,yes,yes,yes,yes,yes,yes,no,system,n/a,n/a,10/3600s,yes,no,no,no,,,,,responde sem erro de servidor; recusa quem a classe não autoriza,200 respondeu,handler executado,PASS,docs/execution/TEST_EVIDENCE.md
get_v1_privacy_retention,GET,/v1/privacy/retention,usuario_sem_organizacao,no,yes,yes,yes,yes,yes,yes,yes,yes,yes,no,system,n/a,n/a,no,no,no,no,no,,,,,responde sem erro de servidor; recusa quem a classe não autoriza,200 respondeu,handler executado,PASS,docs/execution/TEST_EVIDENCE.md
get_v1_procurement_policy,GET,/v1/procurement/policy,organizacao_tipo_e_papel,no,no,kind,kind,kind,kind,kind,kind,kind,kind,no,rls,n/a,n/a,no,no,no,no,no,,,viewer,osc,responde sem erro de servidor; recusa quem a classe não autoriza,200 respondeu,handler executado,PASS,docs/execution/TEST_EVIDENCE.md
put_v1_procurement_policy,PUT,/v1/procurement/policy,organizacao_tipo_e_papel,no,no,kind,kind,kind,kind,kind,kind,kind,kind,no,rls,schema_422,n/a,no,yes,no,no,no,,,admin,osc,responde sem erro de servidor; recusa quem a classe não autoriza,200 respondeu,handler executado,PASS,docs/execution/TEST_EVIDENCE.md
get_v1_procurement_request_id,GET,/v1/procurement/{request_id},organizacao,no,no,yes,yes,yes,yes,yes,yes,yes,yes,no,rls,n/a,404,no,no,no,no,no,,,viewer,,responde sem erro de servidor; recusa quem a classe não autoriza,404 não encontrou o objeto inexistente informado,handler executado,PASS,docs/execution/TEST_EVIDENCE.md
post_v1_procurement_request_id_approve-exception,POST,/v1/procurement/{request_id}/approve-exception,organizacao_tipo_e_papel,no,no,kind,kind,kind,kind,kind,kind,kind,kind,no,rls,n/a,404,no,yes,yes,no,no,,,admin,osc,responde sem erro de servidor; recusa quem a classe não autoriza,404 não encontrou o objeto inexistente informado,handler executado,PASS,docs/execution/TEST_EVIDENCE.md
post_v1_procurement_request_id_decide,POST,/v1/procurement/{request_id}/decide,organizacao_tipo_e_papel,no,no,kind,kind,kind,kind,kind,kind,kind,kind,no,rls,schema_422,404,no,yes,yes,no,no,,,manager,osc,responde sem erro de servidor; recusa quem a classe não autoriza,404 não encontrou o objeto inexistente informado,handler executado,PASS,docs/execution/TEST_EVIDENCE.md
post_v1_procurement_request_id_quotes,POST,/v1/procurement/{request_id}/quotes,organizacao_tipo_e_papel,no,no,kind,kind,kind,kind,kind,kind,kind,kind,no,rls,schema_422,404,no,yes,no,no,no,,,member,osc,responde sem erro de servidor; recusa quem a classe não autoriza,422 recusou o corpo incompleto,recusada pelo schema antes do handler,PASS,docs/execution/TEST_EVIDENCE.md
delete_v1_procurement_request_id_quotes_quote_id,DELETE,/v1/procurement/{request_id}/quotes/{quote_id},organizacao_tipo_e_papel,no,no,kind,kind,kind,kind,kind,kind,kind,kind,no,rls,n/a,404,no,no,no,no,no,,,member,osc,responde sem erro de servidor; recusa quem a classe não autoriza,404 não encontrou o objeto inexistente informado,handler executado,PASS,docs/execution/TEST_EVIDENCE.md
get_v1_professional-reviews,GET,/v1/professional-reviews,organizacao,no,no,yes,yes,yes,yes,yes,yes,yes,yes,no,rls,schema_422,n/a,no,no,no,no,no,,,viewer,,responde sem erro de servidor; recusa quem a classe não autoriza,200 respondeu,handler executado,PASS,docs/execution/TEST_EVIDENCE.md
post_v1_professional-reviews,POST,/v1/professional-reviews,organizacao_por_papel,no,no,no,yes,yes,yes,yes,yes,role,role,no,rls,schema_422,n/a,no,yes,no,no,no,professional.request,,member,,responde sem erro de servidor; recusa quem a classe não autoriza,422 recusou o corpo incompleto,recusada pelo schema antes do handler,PASS,docs/execution/TEST_EVIDENCE.md
get_v1_professional-reviews_review_id,GET,/v1/professional-reviews/{review_id},organizacao,no,no,yes,yes,yes,yes,yes,yes,yes,yes,no,rls,n/a,404,no,no,no,no,no,,,viewer,,responde sem erro de servidor; recusa quem a classe não autoriza,404 não encontrou o objeto inexistente informado,handler executado,PASS,docs/execution/TEST_EVIDENCE.md
post_v1_professional-reviews_review_id_respond,POST,/v1/professional-reviews/{review_id}/respond,organizacao_por_papel,no,no,no,yes,yes,yes,yes,yes,role,role,no,rls,schema_422,404,no,yes,no,no,no,,,member,,responde sem erro de servidor; recusa quem a classe não autoriza,422 recusou o corpo incompleto,recusada pelo schema antes do handler,PASS,docs/execution/TEST_EVIDENCE.md
get_v1_professional-services,GET,/v1/professional-services,organizacao,no,no,yes,yes,yes,yes,yes,yes,yes,yes,no,rls,schema_422,n/a,no,no,no,no,no,,,viewer,,responde sem erro de servidor; recusa quem a classe não autoriza,200 respondeu,handler executado,PASS,docs/execution/TEST_EVIDENCE.md
post_v1_professional-services,POST,/v1/professional-services,organizacao_tipo_e_papel,no,no,kind,kind,kind,kind,kind,kind,kind,kind,no,rls,schema_422,n/a,no,yes,no,no,no,,,manager,provider|individual,responde sem erro de servidor; recusa quem a classe não autoriza,422 recusou o corpo incompleto,recusada pelo schema antes do handler,PASS,docs/execution/TEST_EVIDENCE.md
patch_v1_professional-services_service_id,PATCH,/v1/professional-services/{service_id},organizacao_por_papel,no,no,no,no,no,yes,yes,yes,role,role,no,rls,schema_422,404,no,yes,no,no,no,,,manager,,responde sem erro de servidor; recusa quem a classe não autoriza,422 recusou o corpo incompleto,recusada pelo schema antes do handler,PASS,docs/execution/TEST_EVIDENCE.md
get_v1_professional_offers,GET,/v1/professional/offers,organizacao_tipo_e_papel,no,no,kind,kind,kind,kind,kind,kind,kind,kind,no,rls,n/a,n/a,no,no,no,no,no,,,viewer,provider,responde sem erro de servidor; recusa quem a classe não autoriza,200 respondeu,handler executado,PASS,docs/execution/TEST_EVIDENCE.md
get_v1_professional_opportunities,GET,/v1/professional/opportunities,organizacao_tipo_e_papel,no,no,kind,kind,kind,kind,kind,kind,kind,kind,no,rls,schema_422,n/a,no,no,no,no,no,,,viewer,provider,responde sem erro de servidor; recusa quem a classe não autoriza,200 respondeu,handler executado,PASS,docs/execution/TEST_EVIDENCE.md
get_v1_profile_experiences,GET,/v1/profile/experiences,usuario_sem_organizacao,no,yes,yes,yes,yes,yes,yes,yes,yes,yes,no,system,n/a,n/a,no,no,no,no,no,,,,,responde sem erro de servidor; recusa quem a classe não autoriza,200 respondeu,handler executado,PASS,docs/execution/TEST_EVIDENCE.md
post_v1_profile_experiences,POST,/v1/profile/experiences,usuario_sem_organizacao,no,yes,yes,yes,yes,yes,yes,yes,yes,yes,no,system,schema_422,n/a,no,yes,no,no,no,,,,,responde sem erro de servidor; recusa quem a classe não autoriza,422 recusou o corpo incompleto,recusada pelo schema antes do handler,PASS,docs/execution/TEST_EVIDENCE.md
post_v1_profiles,POST,/v1/profiles,organizacao_por_papel,no,no,no,no,no,yes,yes,yes,role,role,no,rls,schema_422,n/a,no,yes,no,no,no,,,manager,,responde sem erro de servidor; recusa quem a classe não autoriza,422 recusou o corpo incompleto,recusada pelo schema antes do handler,PASS,docs/execution/TEST_EVIDENCE.md
get_v1_profiles_handle-available,GET,/v1/profiles/handle-available,usuario_sem_organizacao,no,yes,yes,yes,yes,yes,yes,yes,yes,yes,no,system,schema_422,n/a,no,no,no,no,no,,,,,responde sem erro de servidor; recusa quem a classe não autoriza,422 recusou o corpo incompleto,recusada pelo schema antes do handler,PASS,docs/execution/TEST_EVIDENCE.md
get_v1_profiles_handle-suggest,GET,/v1/profiles/handle-suggest,usuario_sem_organizacao,no,yes,yes,yes,yes,yes,yes,yes,yes,yes,no,system,schema_422,n/a,no,no,no,no,no,,,,,responde sem erro de servidor; recusa quem a classe não autoriza,422 recusou o corpo incompleto,recusada pelo schema antes do handler,PASS,docs/execution/TEST_EVIDENCE.md
get_v1_profiles_mine,GET,/v1/profiles/mine,organizacao,no,no,yes,yes,yes,yes,yes,yes,yes,yes,no,rls,n/a,n/a,no,no,no,no,no,,,viewer,,responde sem erro de servidor; recusa quem a classe não autoriza,200 respondeu,handler executado,PASS,docs/execution/TEST_EVIDENCE.md
patch_v1_profiles_profile_id,PATCH,/v1/profiles/{profile_id},organizacao,no,no,yes,yes,yes,yes,yes,yes,yes,yes,no,rls,schema_422,404,no,yes,no,no,no,,,viewer,,responde sem erro de servidor; recusa quem a classe não autoriza,404 não encontrou o objeto inexistente informado,handler executado,PASS,docs/execution/TEST_EVIDENCE.md
get_v1_profiles_profile_id_handle-history,GET,/v1/profiles/{profile_id}/handle-history,organizacao,no,no,yes,yes,yes,yes,yes,yes,yes,yes,no,rls,n/a,404,no,no,no,no,no,,,viewer,,responde sem erro de servidor; recusa quem a classe não autoriza,200 respondeu,handler executado,PASS,docs/execution/TEST_EVIDENCE.md
post_v1_profiles_profile_id_rebuild,POST,/v1/profiles/{profile_id}/rebuild,organizacao,no,no,yes,yes,yes,yes,yes,yes,yes,yes,no,rls,n/a,404,no,no,no,no,no,,,viewer,,responde sem erro de servidor; recusa quem a classe não autoriza,404 não encontrou o objeto inexistente informado,handler executado,PASS,docs/execution/TEST_EVIDENCE.md
get_v1_programs,GET,/v1/programs,organizacao,no,no,yes,yes,yes,yes,yes,yes,yes,yes,no,rls,schema_422,n/a,no,no,no,no,no,,,viewer,,responde sem erro de servidor; recusa quem a classe não autoriza,200 respondeu,handler executado,PASS,docs/execution/TEST_EVIDENCE.md
post_v1_programs,POST,/v1/programs,organizacao_por_papel,no,no,no,no,no,yes,yes,yes,role,role,no,rls,schema_422,n/a,no,no,no,no,no,,,manager,,responde sem erro de servidor; recusa quem a classe não autoriza,422 recusou o corpo incompleto,recusada pelo schema antes do handler,PASS,docs/execution/TEST_EVIDENCE.md
get_v1_programs_feed,GET,/v1/programs/feed,publica,yes,yes,yes,yes,yes,yes,yes,yes,yes,yes,no,n/a,schema_422,n/a,no,no,no,no,no,,,,,responde sem erro de servidor; recusa quem a classe não autoriza,200 respondeu,handler executado,PASS,docs/execution/TEST_EVIDENCE.md
get_v1_programs_status-graph,GET,/v1/programs/status-graph,usuario_sem_organizacao,no,yes,yes,yes,yes,yes,yes,yes,yes,yes,no,system,n/a,n/a,no,no,no,no,no,,,,,responde sem erro de servidor; recusa quem a classe não autoriza,200 respondeu,handler executado,PASS,docs/execution/TEST_EVIDENCE.md
get_v1_programs_program_id,GET,/v1/programs/{program_id},publica,yes,yes,yes,yes,yes,yes,yes,yes,yes,yes,no,n/a,n/a,404,no,no,no,no,no,,,,,responde sem erro de servidor; recusa quem a classe não autoriza,404 não encontrou o objeto inexistente informado,handler executado,PASS,docs/execution/TEST_EVIDENCE.md
patch_v1_programs_program_id,PATCH,/v1/programs/{program_id},organizacao_por_papel,no,no,no,no,no,yes,yes,yes,role,role,no,rls,schema_422,404,no,no,no,no,no,,,manager,,responde sem erro de servidor; recusa quem a classe não autoriza,422 recusou o corpo incompleto,handler executado,PASS,docs/execution/TEST_EVIDENCE.md
post_v1_programs_program_id_calls,POST,/v1/programs/{program_id}/calls,organizacao_por_papel,no,no,no,no,no,yes,yes,yes,role,role,no,rls,schema_422,404,no,no,no,no,no,,,manager,,responde sem erro de servidor; recusa quem a classe não autoriza,422 recusou o corpo incompleto,recusada pelo schema antes do handler,PASS,docs/execution/TEST_EVIDENCE.md
delete_v1_programs_program_id_calls_call_id,DELETE,/v1/programs/{program_id}/calls/{call_id},organizacao_por_papel,no,no,no,no,no,yes,yes,yes,role,role,no,rls,n/a,404,no,no,no,no,no,,,manager,,responde sem erro de servidor; recusa quem a classe não autoriza,404 não encontrou o objeto inexistente informado,handler executado,PASS,docs/execution/TEST_EVIDENCE.md
post_v1_programs_program_id_indicators,POST,/v1/programs/{program_id}/indicators,organizacao_por_papel,no,no,no,no,no,yes,yes,yes,role,role,no,rls,schema_422,404,no,no,no,no,no,,,manager,,responde sem erro de servidor; recusa quem a classe não autoriza,422 recusou o corpo incompleto,recusada pelo schema antes do handler,PASS,docs/execution/TEST_EVIDENCE.md
post_v1_programs_program_id_needs,POST,/v1/programs/{program_id}/needs,organizacao_por_papel,no,no,no,no,no,yes,yes,yes,role,role,no,rls,schema_422,404,no,no,no,no,no,,,manager,,responde sem erro de servidor; recusa quem a classe não autoriza,422 recusou o corpo incompleto,recusada pelo schema antes do handler,PASS,docs/execution/TEST_EVIDENCE.md
post_v1_programs_program_id_projects,POST,/v1/programs/{program_id}/projects,organizacao_por_papel,no,no,no,no,no,yes,yes,yes,role,role,no,rls,schema_422,404,no,no,no,no,no,,,manager,,responde sem erro de servidor; recusa quem a classe não autoriza,422 recusou o corpo incompleto,recusada pelo schema antes do handler,PASS,docs/execution/TEST_EVIDENCE.md
post_v1_programs_program_id_transition,POST,/v1/programs/{program_id}/transition,organizacao_por_papel,no,no,no,no,no,yes,yes,yes,role,role,no,rls,schema_422,404,no,no,no,no,no,,,manager,,responde sem erro de servidor; recusa quem a classe não autoriza,422 recusou o corpo incompleto,recusada pelo schema antes do handler,PASS,docs/execution/TEST_EVIDENCE.md
post_v1_project-indicators_pi_id_values,POST,/v1/project-indicators/{pi_id}/values,organizacao_tipo_e_papel,no,no,kind,kind,kind,kind,kind,kind,kind,kind,no,rls,schema_422,404,no,yes,yes,no,no,,,member,osc,responde sem erro de servidor; recusa quem a classe não autoriza,422 recusou o corpo incompleto,recusada pelo schema antes do handler,PASS,docs/execution/TEST_EVIDENCE.md
get_v1_project-status-graph,GET,/v1/project-status-graph,organizacao,no,no,yes,yes,yes,yes,yes,yes,yes,yes,no,rls,n/a,n/a,no,no,no,no,no,,,viewer,,responde sem erro de servidor; recusa quem a classe não autoriza,200 respondeu,handler executado,PASS,docs/execution/TEST_EVIDENCE.md
get_v1_projects,GET,/v1/projects,organizacao_tipo_e_papel,no,no,kind,kind,kind,kind,kind,kind,kind,kind,no,rls,schema_422,n/a,no,no,no,no,no,,,viewer,osc,responde sem erro de servidor; recusa quem a classe não autoriza,200 respondeu,handler executado,PASS,docs/execution/TEST_EVIDENCE.md
post_v1_projects,POST,/v1/projects,organizacao_tipo_e_papel,no,no,kind,kind,kind,kind,kind,kind,kind,kind,no,rls,schema_422,n/a,no,yes,no,no,no,,,member,osc,responde sem erro de servidor; recusa quem a classe não autoriza,422 recusou o corpo incompleto,recusada pelo schema antes do handler,PASS,docs/execution/TEST_EVIDENCE.md
delete_v1_projects_project_id,DELETE,/v1/projects/{project_id},organizacao_tipo_e_papel,no,no,kind,kind,kind,kind,kind,kind,kind,kind,no,rls,n/a,404,no,yes,no,no,no,,,admin,osc,responde sem erro de servidor; recusa quem a classe não autoriza,422 recusou o corpo incompleto,handler executado,PASS,docs/execution/TEST_EVIDENCE.md
get_v1_projects_project_id,GET,/v1/projects/{project_id},organizacao,no,no,yes,yes,yes,yes,yes,yes,yes,yes,no,rls,n/a,404,no,no,no,no,no,,,viewer,,responde sem erro de servidor; recusa quem a classe não autoriza,200 respondeu,handler executado,PASS,docs/execution/TEST_EVIDENCE.md
patch_v1_projects_project_id,PATCH,/v1/projects/{project_id},organizacao_tipo_e_papel,no,no,kind,kind,kind,kind,kind,kind,kind,kind,no,rls,schema_422,404,no,yes,no,no,no,,,member,osc,responde sem erro de servidor; recusa quem a classe não autoriza,422 recusou o corpo incompleto,handler executado,PASS,docs/execution/TEST_EVIDENCE.md
post_v1_projects_project_id_budget-items,POST,/v1/projects/{project_id}/budget-items,organizacao_tipo_e_papel,no,no,kind,kind,kind,kind,kind,kind,kind,kind,no,rls,schema_422,404,no,yes,no,no,no,,,member,osc,responde sem erro de servidor; recusa quem a classe não autoriza,422 recusou o corpo incompleto,recusada pelo schema antes do handler,PASS,docs/execution/TEST_EVIDENCE.md
delete_v1_projects_project_id_budget-items_item_id,DELETE,/v1/projects/{project_id}/budget-items/{item_id},organizacao_tipo_e_papel,no,no,kind,kind,kind,kind,kind,kind,kind,kind,no,rls,n/a,404,no,no,no,no,no,,,member,osc,responde sem erro de servidor; recusa quem a classe não autoriza,404 não encontrou o objeto inexistente informado,handler executado,PASS,docs/execution/TEST_EVIDENCE.md
get_v1_projects_project_id_context-return,GET,/v1/projects/{project_id}/context-return,organizacao,no,no,yes,yes,yes,yes,yes,yes,yes,yes,no,rls,n/a,404,no,no,no,no,no,,,viewer,,responde sem erro de servidor; recusa quem a classe não autoriza,200 respondeu,handler executado,PASS,docs/execution/TEST_EVIDENCE.md
get_v1_projects_project_id_contribution-models,GET,/v1/projects/{project_id}/contribution-models,organizacao,no,no,yes,yes,yes,yes,yes,yes,yes,yes,no,rls,n/a,404,no,no,no,no,no,,,viewer,,responde sem erro de servidor; recusa quem a classe não autoriza,200 respondeu,handler executado,PASS,docs/execution/TEST_EVIDENCE.md
post_v1_projects_project_id_contribution-models,POST,/v1/projects/{project_id}/contribution-models,organizacao_tipo_e_papel,no,no,kind,kind,kind,kind,kind,kind,kind,kind,no,rls,schema_422,404,no,yes,no,no,no,,,manager,osc,responde sem erro de servidor; recusa quem a classe não autoriza,422 recusou o corpo incompleto,recusada pelo schema antes do handler,PASS,docs/execution/TEST_EVIDENCE.md
get_v1_projects_project_id_data-quality,GET,/v1/projects/{project_id}/data-quality,organizacao,no,no,yes,yes,yes,yes,yes,yes,yes,yes,no,rls,n/a,404,no,no,no,no,no,,,viewer,,responde sem erro de servidor; recusa quem a classe não autoriza,200 respondeu,handler executado,PASS,docs/execution/TEST_EVIDENCE.md
get_v1_projects_project_id_dossier,GET,/v1/projects/{project_id}/dossier,organizacao,no,no,yes,yes,yes,yes,yes,yes,yes,yes,no,rls,n/a,404,no,no,no,no,no,,,viewer,,responde sem erro de servidor; recusa quem a classe não autoriza,200 respondeu,handler executado,PASS,docs/execution/TEST_EVIDENCE.md
get_v1_projects_project_id_equity,GET,/v1/projects/{project_id}/equity,organizacao,no,no,yes,yes,yes,yes,yes,yes,yes,yes,no,rls,n/a,404,no,no,no,no,no,,,viewer,,responde sem erro de servidor; recusa quem a classe não autoriza,200 respondeu,handler executado,PASS,docs/execution/TEST_EVIDENCE.md
get_v1_projects_project_id_equity_assessments,GET,/v1/projects/{project_id}/equity/assessments,organizacao,no,no,yes,yes,yes,yes,yes,yes,yes,yes,no,rls,schema_422,404,no,no,no,no,no,,,viewer,,responde sem erro de servidor; recusa quem a classe não autoriza,200 respondeu,handler executado,PASS,docs/execution/TEST_EVIDENCE.md
post_v1_projects_project_id_equity_assessments,POST,/v1/projects/{project_id}/equity/assessments,organizacao_por_papel,no,no,no,no,no,yes,yes,yes,role,role,no,rls,schema_422,404,no,no,no,no,no,,,manager,,responde sem erro de servidor; recusa quem a classe não autoriza,201 criou,handler executado,PASS,docs/execution/TEST_EVIDENCE.md
post_v1_projects_project_id_equity_barriers,POST,/v1/projects/{project_id}/equity/barriers,organizacao_por_papel,no,no,no,no,no,yes,yes,yes,role,role,no,rls,schema_422,404,no,no,no,no,no,,,manager,,responde sem erro de servidor; recusa quem a classe não autoriza,422 recusou o corpo incompleto,recusada pelo schema antes do handler,PASS,docs/execution/TEST_EVIDENCE.md
delete_v1_projects_project_id_equity_barriers_barrier_code,DELETE,/v1/projects/{project_id}/equity/barriers/{barrier_code},organizacao_por_papel,no,no,no,no,no,yes,yes,yes,role,role,no,rls,n/a,404,no,no,no,no,no,,,manager,,responde sem erro de servidor; recusa quem a classe não autoriza,404 não encontrou o objeto inexistente informado,handler executado,PASS,docs/execution/TEST_EVIDENCE.md
put_v1_projects_project_id_equity_context,PUT,/v1/projects/{project_id}/equity/context,organizacao_por_papel,no,no,no,no,no,yes,yes,yes,role,role,no,rls,schema_422,404,no,no,no,no,no,,,manager,,responde sem erro de servidor; recusa quem a classe não autoriza,422 recusou o corpo incompleto,recusada pelo schema antes do handler,PASS,docs/execution/TEST_EVIDENCE.md
get_v1_projects_project_id_equity_normalization,GET,/v1/projects/{project_id}/equity/normalization,organizacao,no,no,yes,yes,yes,yes,yes,yes,yes,yes,no,rls,schema_422,404,no,no,no,no,no,,,viewer,,responde sem erro de servidor; recusa quem a classe não autoriza,200 respondeu,handler executado,PASS,docs/execution/TEST_EVIDENCE.md
get_v1_projects_project_id_evidences,GET,/v1/projects/{project_id}/evidences,organizacao,no,no,yes,yes,yes,yes,yes,yes,yes,yes,no,rls,schema_422,404,no,no,no,no,no,,,viewer,,responde sem erro de servidor; recusa quem a classe não autoriza,200 respondeu,handler executado,PASS,docs/execution/TEST_EVIDENCE.md
post_v1_projects_project_id_evidences,POST,/v1/projects/{project_id}/evidences,organizacao_tipo_e_papel,no,no,kind,kind,kind,kind,kind,kind,kind,kind,no,rls,schema_422,404,no,yes,yes,no,no,,,member,osc,responde sem erro de servidor; recusa quem a classe não autoriza,422 recusou o corpo incompleto,recusada pelo schema antes do handler,PASS,docs/execution/TEST_EVIDENCE.md
get_v1_projects_project_id_expenses,GET,/v1/projects/{project_id}/expenses,organizacao,no,no,yes,yes,yes,yes,yes,yes,yes,yes,no,rls,schema_422,404,no,no,no,no,no,,,viewer,,responde sem erro de servidor; recusa quem a classe não autoriza,200 respondeu,handler executado,PASS,docs/execution/TEST_EVIDENCE.md
post_v1_projects_project_id_expenses,POST,/v1/projects/{project_id}/expenses,organizacao_tipo_e_papel,no,no,kind,kind,kind,kind,kind,kind,kind,kind,no,rls,schema_422,404,no,yes,yes,no,no,,,member,osc,responde sem erro de servidor; recusa quem a classe não autoriza,422 recusou o corpo incompleto,recusada pelo schema antes do handler,PASS,docs/execution/TEST_EVIDENCE.md
get_v1_projects_project_id_expenses.csv,GET,/v1/projects/{project_id}/expenses.csv,organizacao,no,no,yes,yes,yes,yes,yes,yes,yes,yes,no,rls,n/a,404,no,no,no,no,no,,,viewer,,responde sem erro de servidor; recusa quem a classe não autoriza,200 respondeu,handler executado,PASS,docs/execution/TEST_EVIDENCE.md
get_v1_projects_project_id_feedbacks,GET,/v1/projects/{project_id}/feedbacks,organizacao,no,no,yes,yes,yes,yes,yes,yes,yes,yes,no,rls,n/a,404,no,no,no,no,no,,,viewer,,responde sem erro de servidor; recusa quem a classe não autoriza,200 respondeu,handler executado,PASS,docs/execution/TEST_EVIDENCE.md
post_v1_projects_project_id_feedbacks,POST,/v1/projects/{project_id}/feedbacks,organizacao_por_papel,no,no,no,yes,yes,yes,yes,yes,role,role,no,rls,schema_422,404,no,yes,yes,no,no,,,member,,responde sem erro de servidor; recusa quem a classe não autoriza,422 recusou o corpo incompleto,recusada pelo schema antes do handler,PASS,docs/execution/TEST_EVIDENCE.md
get_v1_projects_project_id_graph,GET,/v1/projects/{project_id}/graph,organizacao,no,no,yes,yes,yes,yes,yes,yes,yes,yes,no,rls,n/a,404,no,no,no,no,no,,,viewer,,responde sem erro de servidor; recusa quem a classe não autoriza,200 respondeu,handler executado,PASS,docs/execution/TEST_EVIDENCE.md
post_v1_projects_project_id_graph_edges,POST,/v1/projects/{project_id}/graph/edges,organizacao_tipo_e_papel,no,no,kind,kind,kind,kind,kind,kind,kind,kind,no,rls,schema_422,404,no,no,no,no,no,,,member,osc,responde sem erro de servidor; recusa quem a classe não autoriza,422 recusou o corpo incompleto,recusada pelo schema antes do handler,PASS,docs/execution/TEST_EVIDENCE.md
delete_v1_projects_project_id_graph_edges_edge_id,DELETE,/v1/projects/{project_id}/graph/edges/{edge_id},organizacao_tipo_e_papel,no,no,kind,kind,kind,kind,kind,kind,kind,kind,no,rls,n/a,404,no,no,no,no,no,,,member,osc,responde sem erro de servidor; recusa quem a classe não autoriza,404 não encontrou o objeto inexistente informado,handler executado,PASS,docs/execution/TEST_EVIDENCE.md
post_v1_projects_project_id_graph_nodes,POST,/v1/projects/{project_id}/graph/nodes,organizacao_tipo_e_papel,no,no,kind,kind,kind,kind,kind,kind,kind,kind,no,rls,schema_422,404,no,no,no,no,no,,,member,osc,responde sem erro de servidor; recusa quem a classe não autoriza,422 recusou o corpo incompleto,recusada pelo schema antes do handler,PASS,docs/execution/TEST_EVIDENCE.md
delete_v1_projects_project_id_graph_nodes_node_id,DELETE,/v1/projects/{project_id}/graph/nodes/{node_id},organizacao_tipo_e_papel,no,no,kind,kind,kind,kind,kind,kind,kind,kind,no,rls,n/a,404,no,no,no,no,no,,,member,osc,responde sem erro de servidor; recusa quem a classe não autoriza,404 não encontrou o objeto inexistente informado,handler executado,PASS,docs/execution/TEST_EVIDENCE.md
get_v1_projects_project_id_impact,GET,/v1/projects/{project_id}/impact,organizacao,no,no,yes,yes,yes,yes,yes,yes,yes,yes,no,rls,n/a,404,no,no,no,no,no,,,viewer,,responde sem erro de servidor; recusa quem a classe não autoriza,200 respondeu,handler executado,PASS,docs/execution/TEST_EVIDENCE.md
post_v1_projects_project_id_indicators,POST,/v1/projects/{project_id}/indicators,organizacao_tipo_e_papel,no,no,kind,kind,kind,kind,kind,kind,kind,kind,no,rls,schema_422,404,no,yes,no,no,no,,,member,osc,responde sem erro de servidor; recusa quem a classe não autoriza,422 recusou o corpo incompleto,recusada pelo schema antes do handler,PASS,docs/execution/TEST_EVIDENCE.md
delete_v1_projects_project_id_indicators_pi_id,DELETE,/v1/projects/{project_id}/indicators/{pi_id},organizacao_tipo_e_papel,no,no,kind,kind,kind,kind,kind,kind,kind,kind,no,rls,n/a,404,no,no,no,no,no,,,member,osc,responde sem erro de servidor; recusa quem a classe não autoriza,404 não encontrou o objeto inexistente informado,handler executado,PASS,docs/execution/TEST_EVIDENCE.md
patch_v1_projects_project_id_indicators_pi_id_method,PATCH,/v1/projects/{project_id}/indicators/{pi_id}/method,organizacao_tipo_e_papel,no,no,kind,kind,kind,kind,kind,kind,kind,kind,no,rls,schema_422,404,no,yes,no,no,no,,,member,osc,responde sem erro de servidor; recusa quem a classe não autoriza,422 recusou o corpo incompleto,recusada pelo schema antes do handler,PASS,docs/execution/TEST_EVIDENCE.md
get_v1_projects_project_id_ledger,GET,/v1/projects/{project_id}/ledger,organizacao,no,no,yes,yes,yes,yes,yes,yes,yes,yes,no,rls,n/a,404,no,no,yes,no,no,,,viewer,,responde sem erro de servidor; recusa quem a classe não autoriza,200 respondeu,handler executado,PASS,docs/execution/TEST_EVIDENCE.md
get_v1_projects_project_id_lifecycle,GET,/v1/projects/{project_id}/lifecycle,organizacao,no,no,yes,yes,yes,yes,yes,yes,yes,yes,no,rls,n/a,404,no,no,no,no,no,,,viewer,,responde sem erro de servidor; recusa quem a classe não autoriza,200 respondeu,handler executado,PASS,docs/execution/TEST_EVIDENCE.md
put_v1_projects_project_id_location,PUT,/v1/projects/{project_id}/location,organizacao_tipo_e_papel,no,no,kind,kind,kind,kind,kind,kind,kind,kind,no,rls,schema_422,404,no,yes,no,no,no,,,member,osc,responde sem erro de servidor; recusa quem a classe não autoriza,422 recusou o corpo incompleto,recusada pelo schema antes do handler,PASS,docs/execution/TEST_EVIDENCE.md
post_v1_projects_project_id_milestones,POST,/v1/projects/{project_id}/milestones,organizacao_tipo_e_papel,no,no,kind,kind,kind,kind,kind,kind,kind,kind,no,rls,schema_422,404,no,yes,yes,no,no,,,member,osc,responde sem erro de servidor; recusa quem a classe não autoriza,422 recusou o corpo incompleto,recusada pelo schema antes do handler,PASS,docs/execution/TEST_EVIDENCE.md
delete_v1_projects_project_id_milestones_milestone_id,DELETE,/v1/projects/{project_id}/milestones/{milestone_id},organizacao_tipo_e_papel,no,no,kind,kind,kind,kind,kind,kind,kind,kind,no,rls,n/a,404,no,no,no,no,no,,,member,osc,responde sem erro de servidor; recusa quem a classe não autoriza,404 não encontrou o objeto inexistente informado,handler executado,PASS,docs/execution/TEST_EVIDENCE.md
get_v1_projects_project_id_needs,GET,/v1/projects/{project_id}/needs,organizacao,no,no,yes,yes,yes,yes,yes,yes,yes,yes,no,rls,n/a,404,no,no,no,no,no,,,viewer,,responde sem erro de servidor; recusa quem a classe não autoriza,200 respondeu,handler executado,PASS,docs/execution/TEST_EVIDENCE.md
post_v1_projects_project_id_needs,POST,/v1/projects/{project_id}/needs,organizacao_tipo_e_papel,no,no,kind,kind,kind,kind,kind,kind,kind,kind,no,rls,schema_422,404,no,yes,no,no,no,,,member,osc,responde sem erro de servidor; recusa quem a classe não autoriza,422 recusou o corpo incompleto,recusada pelo schema antes do handler,PASS,docs/execution/TEST_EVIDENCE.md
put_v1_projects_project_id_ods-targets,PUT,/v1/projects/{project_id}/ods-targets,organizacao_tipo_e_papel,no,no,kind,kind,kind,kind,kind,kind,kind,kind,no,rls,schema_422,404,no,yes,no,no,no,,,member,osc,responde sem erro de servidor; recusa quem a classe não autoriza,422 recusou o corpo incompleto,recusada pelo schema antes do handler,PASS,docs/execution/TEST_EVIDENCE.md
post_v1_projects_project_id_participations,POST,/v1/projects/{project_id}/participations,organizacao_tipo_e_papel,no,no,kind,kind,kind,kind,kind,kind,kind,kind,no,rls,schema_422,404,no,yes,no,no,no,,,manager,osc,responde sem erro de servidor; recusa quem a classe não autoriza,422 recusou o corpo incompleto,recusada pelo schema antes do handler,PASS,docs/execution/TEST_EVIDENCE.md
get_v1_projects_project_id_procurement,GET,/v1/projects/{project_id}/procurement,organizacao,no,no,yes,yes,yes,yes,yes,yes,yes,yes,no,rls,schema_422,404,no,no,no,no,no,,,viewer,,responde sem erro de servidor; recusa quem a classe não autoriza,200 respondeu,handler executado,PASS,docs/execution/TEST_EVIDENCE.md
post_v1_projects_project_id_procurement,POST,/v1/projects/{project_id}/procurement,organizacao_tipo_e_papel,no,no,kind,kind,kind,kind,kind,kind,kind,kind,no,rls,schema_422,404,no,yes,no,no,no,,,member,osc,responde sem erro de servidor; recusa quem a classe não autoriza,422 recusou o corpo incompleto,recusada pelo schema antes do handler,PASS,docs/execution/TEST_EVIDENCE.md
post_v1_projects_project_id_publish,POST,/v1/projects/{project_id}/publish,organizacao_tipo_e_papel,no,no,kind,kind,kind,kind,kind,kind,kind,kind,no,rls,n/a,404,no,yes,yes,no,no,,,manager,osc,responde sem erro de servidor; recusa quem a classe não autoriza,200 respondeu,handler executado,PASS,docs/execution/TEST_EVIDENCE.md
get_v1_projects_project_id_ready,GET,/v1/projects/{project_id}/ready,organizacao,no,no,yes,yes,yes,yes,yes,yes,yes,yes,no,rls,n/a,404,no,no,no,no,no,,,viewer,,responde sem erro de servidor; recusa quem a classe não autoriza,200 respondeu,handler executado,PASS,docs/execution/TEST_EVIDENCE.md
get_v1_projects_project_id_report,GET,/v1/projects/{project_id}/report,organizacao,no,no,yes,yes,yes,yes,yes,yes,yes,yes,no,rls,n/a,404,no,no,no,no,no,,,viewer,,responde sem erro de servidor; recusa quem a classe não autoriza,200 respondeu,handler executado,PASS,docs/execution/TEST_EVIDENCE.md
get_v1_projects_project_id_result-chain,GET,/v1/projects/{project_id}/result-chain,organizacao,no,no,yes,yes,yes,yes,yes,yes,yes,yes,no,rls,n/a,404,no,no,no,no,no,,,viewer,,responde sem erro de servidor; recusa quem a classe não autoriza,200 respondeu,handler executado,PASS,docs/execution/TEST_EVIDENCE.md
get_v1_projects_project_id_risks,GET,/v1/projects/{project_id}/risks,organizacao,no,no,yes,yes,yes,yes,yes,yes,yes,yes,no,rls,schema_422,404,no,no,no,no,no,,,viewer,,responde sem erro de servidor; recusa quem a classe não autoriza,200 respondeu,handler executado,PASS,docs/execution/TEST_EVIDENCE.md
post_v1_projects_project_id_risks,POST,/v1/projects/{project_id}/risks,organizacao_por_papel,no,no,no,yes,yes,yes,yes,yes,role,role,no,rls,schema_422,404,no,yes,yes,no,no,,,member,,responde sem erro de servidor; recusa quem a classe não autoriza,422 recusou o corpo incompleto,recusada pelo schema antes do handler,PASS,docs/execution/TEST_EVIDENCE.md
post_v1_projects_project_id_risks_scan,POST,/v1/projects/{project_id}/risks/scan,organizacao_por_papel,no,no,no,yes,yes,yes,yes,yes,role,role,no,rls,n/a,404,no,yes,no,no,no,,,member,,responde sem erro de servidor; recusa quem a classe não autoriza,200 respondeu,handler executado,PASS,docs/execution/TEST_EVIDENCE.md
put_v1_projects_project_id_risks_risk_id,PUT,/v1/projects/{project_id}/risks/{risk_id},organizacao_por_papel,no,no,no,yes,yes,yes,yes,yes,role,role,no,rls,schema_422,404,no,yes,yes,no,no,,,member,,responde sem erro de servidor; recusa quem a classe não autoriza,422 recusou o corpo incompleto,recusada pelo schema antes do handler,PASS,docs/execution/TEST_EVIDENCE.md
post_v1_projects_project_id_similarity,POST,/v1/projects/{project_id}/similarity,organizacao,no,no,yes,yes,yes,yes,yes,yes,yes,yes,no,rls,schema_422,404,60/3600s,no,no,no,no,,,viewer,,responde sem erro de servidor; recusa quem a classe não autoriza,422 recusou o corpo incompleto,recusada pelo schema antes do handler,PASS,docs/execution/TEST_EVIDENCE.md
get_v1_projects_project_id_snapshots,GET,/v1/projects/{project_id}/snapshots,organizacao,no,no,yes,yes,yes,yes,yes,yes,yes,yes,no,rls,schema_422,404,no,no,no,no,no,,,viewer,,responde sem erro de servidor; recusa quem a classe não autoriza,200 respondeu,handler executado,PASS,docs/execution/TEST_EVIDENCE.md
post_v1_projects_project_id_snapshots,POST,/v1/projects/{project_id}/snapshots,organizacao_por_papel,no,no,no,yes,yes,yes,yes,yes,role,role,no,rls,schema_422,404,no,yes,no,no,no,,,member,,responde sem erro de servidor; recusa quem a classe não autoriza,422 recusou o corpo incompleto,recusada pelo schema antes do handler,PASS,docs/execution/TEST_EVIDENCE.md
get_v1_projects_project_id_snapshots_compare,GET,/v1/projects/{project_id}/snapshots/compare,organizacao,no,no,yes,yes,yes,yes,yes,yes,yes,yes,no,rls,schema_422,404,no,no,no,no,no,,,viewer,,responde sem erro de servidor; recusa quem a classe não autoriza,422 recusou o corpo incompleto,recusada pelo schema antes do handler,PASS,docs/execution/TEST_EVIDENCE.md
get_v1_projects_project_id_state,GET,/v1/projects/{project_id}/state,organizacao,no,no,yes,yes,yes,yes,yes,yes,yes,yes,no,rls,n/a,404,no,no,no,no,no,,,viewer,,responde sem erro de servidor; recusa quem a classe não autoriza,200 respondeu,handler executado,PASS,docs/execution/TEST_EVIDENCE.md
get_v1_projects_project_id_team,GET,/v1/projects/{project_id}/team,organizacao,no,no,yes,yes,yes,yes,yes,yes,yes,yes,no,rls,n/a,404,no,no,no,no,no,,,viewer,,responde sem erro de servidor; recusa quem a classe não autoriza,200 respondeu,handler executado,PASS,docs/execution/TEST_EVIDENCE.md
get_v1_projects_project_id_timeline,GET,/v1/projects/{project_id}/timeline,organizacao,no,no,yes,yes,yes,yes,yes,yes,yes,yes,no,rls,schema_422,404,no,no,no,no,no,,,viewer,,responde sem erro de servidor; recusa quem a classe não autoriza,200 respondeu,handler executado,PASS,docs/execution/TEST_EVIDENCE.md
get_v1_projects_project_id_timeline_integrity,GET,/v1/projects/{project_id}/timeline/integrity,organizacao,no,no,yes,yes,yes,yes,yes,yes,yes,yes,no,rls,n/a,404,no,no,no,no,no,,,viewer,,responde sem erro de servidor; recusa quem a classe não autoriza,200 respondeu,handler executado,PASS,docs/execution/TEST_EVIDENCE.md
post_v1_projects_project_id_transitions,POST,/v1/projects/{project_id}/transitions,organizacao_por_papel,no,no,no,yes,yes,yes,yes,yes,role,role,no,rls,schema_422,404,no,yes,no,no,no,,,member,,responde sem erro de servidor; recusa quem a classe não autoriza,422 recusou o corpo incompleto,recusada pelo schema antes do handler,PASS,docs/execution/TEST_EVIDENCE.md
post_v1_projects_project_id_unpublish,POST,/v1/projects/{project_id}/unpublish,organizacao_tipo_e_papel,no,no,kind,kind,kind,kind,kind,kind,kind,kind,no,rls,n/a,404,no,yes,no,no,no,,,manager,osc,responde sem erro de servidor; recusa quem a classe não autoriza,200 respondeu,handler executado,PASS,docs/execution/TEST_EVIDENCE.md
get_v1_proposals,GET,/v1/proposals,organizacao,no,no,yes,yes,yes,yes,yes,yes,yes,yes,no,rls,schema_422,n/a,no,no,no,no,no,,,viewer,,responde sem erro de servidor; recusa quem a classe não autoriza,200 respondeu,handler executado,PASS,docs/execution/TEST_EVIDENCE.md
post_v1_proposals,POST,/v1/proposals,organizacao_por_papel,no,no,no,no,no,yes,yes,yes,role,role,no,rls,schema_422,n/a,no,yes,no,no,no,,,manager,,responde sem erro de servidor; recusa quem a classe não autoriza,422 recusou o corpo incompleto,recusada pelo schema antes do handler,PASS,docs/execution/TEST_EVIDENCE.md
get_v1_proposals_counts,GET,/v1/proposals/counts,organizacao,no,no,yes,yes,yes,yes,yes,yes,yes,yes,no,rls,n/a,n/a,no,no,no,no,no,,,viewer,,responde sem erro de servidor; recusa quem a classe não autoriza,200 respondeu,handler executado,PASS,docs/execution/TEST_EVIDENCE.md
get_v1_proposals_graph,GET,/v1/proposals/graph,usuario_sem_organizacao,no,yes,yes,yes,yes,yes,yes,yes,yes,yes,no,system,n/a,n/a,no,no,no,no,no,,,,,responde sem erro de servidor; recusa quem a classe não autoriza,200 respondeu,handler executado,PASS,docs/execution/TEST_EVIDENCE.md
get_v1_proposals_proposal_id,GET,/v1/proposals/{proposal_id},organizacao,no,no,yes,yes,yes,yes,yes,yes,yes,yes,no,rls,n/a,404,no,no,no,no,no,,,viewer,,responde sem erro de servidor; recusa quem a classe não autoriza,404 não encontrou o objeto inexistente informado,handler executado,PASS,docs/execution/TEST_EVIDENCE.md
patch_v1_proposals_proposal_id,PATCH,/v1/proposals/{proposal_id},organizacao_por_papel,no,no,no,no,no,yes,yes,yes,role,role,no,rls,schema_422,404,no,yes,no,no,no,,,manager,,responde sem erro de servidor; recusa quem a classe não autoriza,404 não encontrou o objeto inexistente informado,handler executado,PASS,docs/execution/TEST_EVIDENCE.md
post_v1_proposals_proposal_id_attachments,POST,/v1/proposals/{proposal_id}/attachments,organizacao_por_papel,no,no,no,yes,yes,yes,yes,yes,role,role,no,rls,schema_422,404,no,yes,no,no,no,,,member,,responde sem erro de servidor; recusa quem a classe não autoriza,422 recusou o corpo incompleto,recusada pelo schema antes do handler,PASS,docs/execution/TEST_EVIDENCE.md
post_v1_proposals_proposal_id_transition,POST,/v1/proposals/{proposal_id}/transition,organizacao_por_papel,no,no,no,no,no,yes,yes,yes,role,role,no,rls,schema_422,404,no,yes,no,no,no,,,manager,,responde sem erro de servidor; recusa quem a classe não autoriza,422 recusou o corpo incompleto,recusada pelo schema antes do handler,PASS,docs/execution/TEST_EVIDENCE.md
get_v1_public_campaigns_slug,GET,/v1/public/campaigns/{slug},publica,yes,yes,yes,yes,yes,yes,yes,yes,yes,yes,no,n/a,n/a,404,120/3600s,no,no,no,no,,,,,responde sem erro de servidor; recusa quem a classe não autoriza,404 não encontrou o objeto inexistente informado,handler executado,PASS,docs/execution/TEST_EVIDENCE.md
get_v1_public_concepts,GET,/v1/public/concepts,publica,yes,yes,yes,yes,yes,yes,yes,yes,yes,yes,no,n/a,n/a,n/a,120/3600s,no,no,no,no,,,,,responde sem erro de servidor; recusa quem a classe não autoriza,200 respondeu,handler executado,PASS,docs/execution/TEST_EVIDENCE.md
get_v1_public_glossary,GET,/v1/public/glossary,publica,yes,yes,yes,yes,yes,yes,yes,yes,yes,yes,no,n/a,schema_422,n/a,120/3600s,no,no,no,no,,,,,responde sem erro de servidor; recusa quem a classe não autoriza,200 respondeu,handler executado,PASS,docs/execution/TEST_EVIDENCE.md
get_v1_public_locales,GET,/v1/public/locales,publica,yes,yes,yes,yes,yes,yes,yes,yes,yes,yes,no,n/a,n/a,n/a,120/3600s,no,no,no,no,,,,,responde sem erro de servidor; recusa quem a classe não autoriza,200 respondeu,handler executado,PASS,docs/execution/TEST_EVIDENCE.md
get_v1_public_profiles_handle,GET,/v1/public/profiles/{handle},publica,yes,yes,yes,yes,yes,yes,yes,yes,yes,yes,no,n/a,n/a,404,no,no,no,no,no,,,,,responde sem erro de servidor; recusa quem a classe não autoriza,404 não encontrou o objeto inexistente informado,handler executado,PASS,docs/execution/TEST_EVIDENCE.md
get_v1_public_profiles_handle_open-graph,GET,/v1/public/profiles/{handle}/open-graph,publica,yes,yes,yes,yes,yes,yes,yes,yes,yes,yes,no,n/a,n/a,404,no,no,no,no,no,,,,,responde sem erro de servidor; recusa quem a classe não autoriza,404 não encontrou o objeto inexistente informado,handler executado,PASS,docs/execution/TEST_EVIDENCE.md
get_v1_public_projects_project_id_impact,GET,/v1/public/projects/{project_id}/impact,publica,yes,yes,yes,yes,yes,yes,yes,yes,yes,yes,no,n/a,n/a,404,no,no,no,no,no,,,,,responde sem erro de servidor; recusa quem a classe não autoriza,404 não encontrou o objeto inexistente informado,handler executado,PASS,docs/execution/TEST_EVIDENCE.md
get_v1_public_relationships_subject_type_subject_id,GET,/v1/public/relationships/{subject_type}/{subject_id},publica,yes,yes,yes,yes,yes,yes,yes,yes,yes,yes,no,n/a,n/a,404,no,no,no,no,no,,,,,responde sem erro de servidor; recusa quem a classe não autoriza,422 recusou o corpo incompleto,handler executado,PASS,docs/execution/TEST_EVIDENCE.md
get_v1_public_translations,GET,/v1/public/translations,publica,yes,yes,yes,yes,yes,yes,yes,yes,yes,yes,no,n/a,schema_422,n/a,240/3600s,no,no,no,no,,,,,responde sem erro de servidor; recusa quem a classe não autoriza,200 respondeu,handler executado,PASS,docs/execution/TEST_EVIDENCE.md
get_v1_public_verify_code,GET,/v1/public/verify/{code},publica,yes,yes,yes,yes,yes,yes,yes,yes,yes,yes,no,n/a,n/a,404,120/3600s,no,no,no,no,,,,,responde sem erro de servidor; recusa quem a classe não autoriza,404 não encontrou o objeto inexistente informado,handler executado,PASS,docs/execution/TEST_EVIDENCE.md
get_v1_public_verify_code_qr,GET,/v1/public/verify/{code}/qr,publica,yes,yes,yes,yes,yes,yes,yes,yes,yes,yes,no,n/a,n/a,404,120/3600s,no,no,no,no,,,,,responde sem erro de servidor; recusa quem a classe não autoriza,422 recusou o corpo incompleto,recusada pelo schema antes do handler,PASS,docs/execution/TEST_EVIDENCE.md
get_v1_readiness,GET,/v1/readiness,organizacao_tipo_e_papel,no,no,kind,kind,kind,kind,kind,kind,kind,kind,no,rls,schema_422,n/a,no,no,no,no,no,,,viewer,osc,responde sem erro de servidor; recusa quem a classe não autoriza,200 respondeu,handler executado,PASS,docs/execution/TEST_EVIDENCE.md
get_v1_readiness_history,GET,/v1/readiness/history,organizacao,no,no,yes,yes,yes,yes,yes,yes,yes,yes,no,rls,schema_422,n/a,no,no,no,no,no,,,viewer,,responde sem erro de servidor; recusa quem a classe não autoriza,200 respondeu,handler executado,PASS,docs/execution/TEST_EVIDENCE.md
get_v1_readiness_purposes,GET,/v1/readiness/purposes,organizacao,no,no,yes,yes,yes,yes,yes,yes,yes,yes,no,rls,schema_422,n/a,no,no,no,no,no,,,viewer,,responde sem erro de servidor; recusa quem a classe não autoriza,200 respondeu,handler executado,PASS,docs/execution/TEST_EVIDENCE.md
post_v1_readiness_snapshots,POST,/v1/readiness/snapshots,organizacao_por_papel,no,no,no,yes,yes,yes,yes,yes,role,role,no,rls,schema_422,n/a,no,no,no,no,no,,,member,,responde sem erro de servidor; recusa quem a classe não autoriza,201 criou,handler executado,PASS,docs/execution/TEST_EVIDENCE.md
get_v1_recommendations,GET,/v1/recommendations,organizacao,no,no,yes,yes,yes,yes,yes,yes,yes,yes,no,rls,schema_422,n/a,no,no,no,no,no,,,viewer,,responde sem erro de servidor; recusa quem a classe não autoriza,200 respondeu,handler executado,PASS,docs/execution/TEST_EVIDENCE.md
post_v1_recommendations_refresh,POST,/v1/recommendations/refresh,organizacao_por_papel,no,no,no,yes,yes,yes,yes,yes,role,role,no,rls,n/a,n/a,no,no,no,no,no,,,member,,responde sem erro de servidor; recusa quem a classe não autoriza,200 respondeu,handler executado,PASS,docs/execution/TEST_EVIDENCE.md
post_v1_recommendations_rec_id_resolve,POST,/v1/recommendations/{rec_id}/resolve,organizacao_por_papel,no,no,no,yes,yes,yes,yes,yes,role,role,no,rls,schema_422,404,no,no,no,no,no,,,member,,responde sem erro de servidor; recusa quem a classe não autoriza,422 recusou o corpo incompleto,recusada pelo schema antes do handler,PASS,docs/execution/TEST_EVIDENCE.md
post_v1_refunds_refund_id_decide,POST,/v1/refunds/{refund_id}/decide,organizacao_por_papel,no,no,no,no,no,yes,yes,yes,role,role,no,rls,schema_422,404,no,yes,no,no,no,,,manager,,responde sem erro de servidor; recusa quem a classe não autoriza,422 recusou o corpo incompleto,recusada pelo schema antes do handler,PASS,docs/execution/TEST_EVIDENCE.md
get_v1_replications_marketplace,GET,/v1/replications/marketplace,organizacao,no,no,yes,yes,yes,yes,yes,yes,yes,yes,no,rls,schema_422,n/a,no,no,no,no,no,,,viewer,,responde sem erro de servidor; recusa quem a classe não autoriza,200 respondeu,handler executado,PASS,docs/execution/TEST_EVIDENCE.md
get_v1_report-center,GET,/v1/report-center,organizacao,no,no,yes,yes,yes,yes,yes,yes,yes,yes,no,rls,n/a,n/a,no,no,no,no,no,,,viewer,,responde sem erro de servidor; recusa quem a classe não autoriza,200 respondeu,handler executado,PASS,docs/execution/TEST_EVIDENCE.md
get_v1_report-center_rtype,GET,/v1/report-center/{rtype},organizacao,no,no,yes,yes,yes,yes,yes,yes,yes,yes,no,rls,schema_422,404,no,yes,no,no,no,,,viewer,,responde sem erro de servidor; recusa quem a classe não autoriza,404 não encontrou o objeto inexistente informado,handler executado,PASS,docs/execution/TEST_EVIDENCE.md
post_v1_reports,POST,/v1/reports,usuario_sem_organizacao,no,yes,yes,yes,yes,yes,yes,yes,yes,yes,no,system,schema_422,n/a,20/3600s,yes,no,no,no,,,,,responde sem erro de servidor; recusa quem a classe não autoriza,422 recusou o corpo incompleto,recusada pelo schema antes do handler,PASS,docs/execution/TEST_EVIDENCE.md
get_v1_reports_vocabulary,GET,/v1/reports/vocabulary,usuario_sem_organizacao,no,yes,yes,yes,yes,yes,yes,yes,yes,yes,no,system,n/a,n/a,no,no,no,no,no,,,,,responde sem erro de servidor; recusa quem a classe não autoriza,200 respondeu,handler executado,PASS,docs/execution/TEST_EVIDENCE.md
get_v1_reputation_dimensions,GET,/v1/reputation/dimensions,usuario_sem_organizacao,no,yes,yes,yes,yes,yes,yes,yes,yes,yes,no,system,n/a,n/a,no,no,no,no,no,,,,,responde sem erro de servidor; recusa quem a classe não autoriza,200 respondeu,handler executado,PASS,docs/execution/TEST_EVIDENCE.md
get_v1_reputation_disputes,GET,/v1/reputation/disputes,organizacao,no,no,yes,yes,yes,yes,yes,yes,yes,yes,no,rls,schema_422,n/a,no,no,no,no,no,,,viewer,,responde sem erro de servidor; recusa quem a classe não autoriza,200 respondeu,handler executado,PASS,docs/execution/TEST_EVIDENCE.md
post_v1_reputation_disputes,POST,/v1/reputation/disputes,organizacao_por_papel,no,no,no,no,no,yes,yes,yes,role,role,no,rls,schema_422,n/a,no,yes,no,no,no,,,manager,,responde sem erro de servidor; recusa quem a classe não autoriza,422 recusou o corpo incompleto,recusada pelo schema antes do handler,PASS,docs/execution/TEST_EVIDENCE.md
get_v1_reputation_me,GET,/v1/reputation/me,organizacao,no,no,yes,yes,yes,yes,yes,yes,yes,yes,no,rls,n/a,n/a,no,no,no,no,no,,,viewer,,responde sem erro de servidor; recusa quem a classe não autoriza,200 respondeu,handler executado,PASS,docs/execution/TEST_EVIDENCE.md
post_v1_reputation_snapshots,POST,/v1/reputation/snapshots,organizacao_por_papel,no,no,no,no,no,yes,yes,yes,role,role,no,rls,n/a,n/a,no,yes,no,no,no,,,manager,,responde sem erro de servidor; recusa quem a classe não autoriza,201 criou,handler executado,PASS,docs/execution/TEST_EVIDENCE.md
post_v1_responsibility_assignments,POST,/v1/responsibility/assignments,organizacao_por_papel,no,no,no,no,no,yes,yes,yes,role,role,no,rls,schema_422,n/a,no,yes,no,no,no,,,manager,,responde sem erro de servidor; recusa quem a classe não autoriza,422 recusou o corpo incompleto,recusada pelo schema antes do handler,PASS,docs/execution/TEST_EVIDENCE.md
post_v1_responsibility_assignments_assignment_id_end,POST,/v1/responsibility/assignments/{assignment_id}/end,organizacao_por_papel,no,no,no,no,no,yes,yes,yes,role,role,no,rls,schema_422,404,no,yes,no,no,no,,,manager,,responde sem erro de servidor; recusa quem a classe não autoriza,422 recusou o corpo incompleto,recusada pelo schema antes do handler,PASS,docs/execution/TEST_EVIDENCE.md
get_v1_responsibility_current,GET,/v1/responsibility/current,usuario_sem_organizacao,no,yes,yes,yes,yes,yes,yes,yes,yes,yes,no,system,schema_422,n/a,no,no,no,no,no,,,,,responde sem erro de servidor; recusa quem a classe não autoriza,422 recusou o corpo incompleto,recusada pelo schema antes do handler,PASS,docs/execution/TEST_EVIDENCE.md
get_v1_responsibility_decisions,GET,/v1/responsibility/decisions,organizacao,no,no,yes,yes,yes,yes,yes,yes,yes,yes,no,rls,schema_422,n/a,no,no,no,no,no,,,viewer,,responde sem erro de servidor; recusa quem a classe não autoriza,200 respondeu,handler executado,PASS,docs/execution/TEST_EVIDENCE.md
post_v1_responsibility_decisions,POST,/v1/responsibility/decisions,organizacao_por_papel,no,no,no,no,no,yes,yes,yes,role,role,no,rls,schema_422,n/a,no,yes,no,no,no,,,manager,,responde sem erro de servidor; recusa quem a classe não autoriza,422 recusou o corpo incompleto,recusada pelo schema antes do handler,PASS,docs/execution/TEST_EVIDENCE.md
get_v1_responsibility_history,GET,/v1/responsibility/history,organizacao,no,no,yes,yes,yes,yes,yes,yes,yes,yes,no,rls,schema_422,n/a,no,no,no,no,no,,,viewer,,responde sem erro de servidor; recusa quem a classe não autoriza,422 recusou o corpo incompleto,recusada pelo schema antes do handler,PASS,docs/execution/TEST_EVIDENCE.md
get_v1_responsibility_mine,GET,/v1/responsibility/mine,usuario_sem_organizacao,no,yes,yes,yes,yes,yes,yes,yes,yes,yes,no,system,n/a,n/a,no,no,no,no,no,,,,,responde sem erro de servidor; recusa quem a classe não autoriza,200 respondeu,handler executado,PASS,docs/execution/TEST_EVIDENCE.md
get_v1_responsibility_roles,GET,/v1/responsibility/roles,usuario_sem_organizacao,no,yes,yes,yes,yes,yes,yes,yes,yes,yes,no,system,n/a,n/a,no,no,no,no,no,,,,,responde sem erro de servidor; recusa quem a classe não autoriza,200 respondeu,handler executado,PASS,docs/execution/TEST_EVIDENCE.md
get_v1_risk-rules,GET,/v1/risk-rules,organizacao,no,no,yes,yes,yes,yes,yes,yes,yes,yes,no,rls,n/a,n/a,no,no,no,no,no,,,viewer,,responde sem erro de servidor; recusa quem a classe não autoriza,200 respondeu,handler executado,PASS,docs/execution/TEST_EVIDENCE.md
get_v1_saved-searches,GET,/v1/saved-searches,organizacao,no,no,yes,yes,yes,yes,yes,yes,yes,yes,no,rls,n/a,n/a,no,no,no,no,no,,,viewer,,responde sem erro de servidor; recusa quem a classe não autoriza,200 respondeu,handler executado,PASS,docs/execution/TEST_EVIDENCE.md
post_v1_saved-searches,POST,/v1/saved-searches,organizacao_por_papel,no,no,no,yes,yes,yes,yes,yes,role,role,no,rls,schema_422,n/a,no,yes,no,no,no,alerts.saved_search,,member,,responde sem erro de servidor; recusa quem a classe não autoriza,422 recusou o corpo incompleto,recusada pelo schema antes do handler,PASS,docs/execution/TEST_EVIDENCE.md
delete_v1_saved-searches_search_id,DELETE,/v1/saved-searches/{search_id},organizacao_por_papel,no,no,no,yes,yes,yes,yes,yes,role,role,no,rls,n/a,404,no,no,no,no,no,,,member,,responde sem erro de servidor; recusa quem a classe não autoriza,404 não encontrou o objeto inexistente informado,handler executado,PASS,docs/execution/TEST_EVIDENCE.md
post_v1_saved-searches_search_id_run,POST,/v1/saved-searches/{search_id}/run,organizacao_por_papel,no,no,no,yes,yes,yes,yes,yes,role,role,no,rls,n/a,404,no,no,no,no,no,alerts.saved_search,,member,,responde sem erro de servidor; recusa quem a classe não autoriza,404 não encontrou o objeto inexistente informado,handler executado,PASS,docs/execution/TEST_EVIDENCE.md
get_v1_seals_awards,GET,/v1/seals/awards,usuario_sem_organizacao,no,yes,yes,yes,yes,yes,yes,yes,yes,yes,no,system,schema_422,n/a,no,no,no,no,no,,,,,responde sem erro de servidor; recusa quem a classe não autoriza,200 respondeu,handler executado,PASS,docs/execution/TEST_EVIDENCE.md
get_v1_seals_awards_award_id,GET,/v1/seals/awards/{award_id},usuario_sem_organizacao,no,yes,yes,yes,yes,yes,yes,yes,yes,yes,no,system,n/a,404,no,no,no,no,no,,,,,responde sem erro de servidor; recusa quem a classe não autoriza,404 não encontrou o objeto inexistente informado,handler executado,PASS,docs/execution/TEST_EVIDENCE.md
get_v1_seals_definitions,GET,/v1/seals/definitions,usuario_sem_organizacao,no,yes,yes,yes,yes,yes,yes,yes,yes,yes,no,system,schema_422,n/a,no,no,no,no,no,,,,,responde sem erro de servidor; recusa quem a classe não autoriza,200 respondeu,handler executado,PASS,docs/execution/TEST_EVIDENCE.md
post_v1_seals_evaluate,POST,/v1/seals/evaluate,organizacao,no,no,yes,yes,yes,yes,yes,yes,yes,yes,no,rls,schema_422,n/a,no,no,no,no,no,,,viewer,,responde sem erro de servidor; recusa quem a classe não autoriza,422 recusou o corpo incompleto,recusada pelo schema antes do handler,PASS,docs/execution/TEST_EVIDENCE.md
get_v1_seals_evaluations,GET,/v1/seals/evaluations,organizacao,no,no,yes,yes,yes,yes,yes,yes,yes,yes,no,rls,n/a,n/a,no,no,no,no,no,,,viewer,,responde sem erro de servidor; recusa quem a classe não autoriza,200 respondeu,handler executado,PASS,docs/execution/TEST_EVIDENCE.md
get_v1_seals_rules,GET,/v1/seals/rules,usuario_sem_organizacao,no,yes,yes,yes,yes,yes,yes,yes,yes,yes,no,system,n/a,n/a,no,no,no,no,no,,,,,responde sem erro de servidor; recusa quem a classe não autoriza,200 respondeu,handler executado,PASS,docs/execution/TEST_EVIDENCE.md
get_v1_signature-policies,GET,/v1/signature-policies,organizacao,no,no,yes,yes,yes,yes,yes,yes,yes,yes,no,rls,n/a,n/a,no,no,no,no,no,,,viewer,,responde sem erro de servidor; recusa quem a classe não autoriza,200 respondeu,handler executado,PASS,docs/execution/TEST_EVIDENCE.md
put_v1_signature-policies,PUT,/v1/signature-policies,organizacao_por_papel,no,no,no,no,no,no,yes,yes,role,role,no,rls,schema_422,n/a,no,yes,no,no,no,,,admin,,responde sem erro de servidor; recusa quem a classe não autoriza,422 recusou o corpo incompleto,recusada pelo schema antes do handler,PASS,docs/execution/TEST_EVIDENCE.md
get_v1_signature-providers,GET,/v1/signature-providers,organizacao,no,no,yes,yes,yes,yes,yes,yes,yes,yes,no,rls,n/a,n/a,no,no,no,no,no,,,viewer,,responde sem erro de servidor; recusa quem a classe não autoriza,200 respondeu,handler executado,PASS,docs/execution/TEST_EVIDENCE.md
post_v1_signatures,POST,/v1/signatures,organizacao_por_papel,no,no,no,yes,yes,yes,yes,yes,role,role,no,rls,schema_422,n/a,30/3600s,yes,yes,no,no,,,member,,responde sem erro de servidor; recusa quem a classe não autoriza,422 recusou o corpo incompleto,recusada pelo schema antes do handler,PASS,docs/execution/TEST_EVIDENCE.md
post_v1_signatures_challenge,POST,/v1/signatures/challenge,organizacao_por_papel,no,no,no,yes,yes,yes,yes,yes,role,role,no,rls,schema_422,n/a,30/3600s,yes,no,no,no,,,member,,responde sem erro de servidor; recusa quem a classe não autoriza,422 recusou o corpo incompleto,recusada pelo schema antes do handler,PASS,docs/execution/TEST_EVIDENCE.md
get_v1_signatures_verify,GET,/v1/signatures/verify,organizacao,no,no,yes,yes,yes,yes,yes,yes,yes,yes,no,rls,schema_422,n/a,no,no,no,no,no,,,viewer,,responde sem erro de servidor; recusa quem a classe não autoriza,422 recusou o corpo incompleto,recusada pelo schema antes do handler,PASS,docs/execution/TEST_EVIDENCE.md
post_v1_signatures_signature_id_revoke,POST,/v1/signatures/{signature_id}/revoke,organizacao_por_papel,no,no,no,no,no,no,no,yes,role,role,no,rls,schema_422,404,no,yes,no,no,no,,,owner,,responde sem erro de servidor; recusa quem a classe não autoriza,422 recusou o corpo incompleto,recusada pelo schema antes do handler,PASS,docs/execution/TEST_EVIDENCE.md
get_v1_signed-agreements,GET,/v1/signed-agreements,organizacao,no,no,yes,yes,yes,yes,yes,yes,yes,yes,no,rls,schema_422,n/a,no,no,no,no,no,,,viewer,,responde sem erro de servidor; recusa quem a classe não autoriza,200 respondeu,handler executado,PASS,docs/execution/TEST_EVIDENCE.md
post_v1_signed-agreements,POST,/v1/signed-agreements,organizacao_por_papel,no,no,no,no,no,yes,yes,yes,role,role,no,rls,schema_422,n/a,no,yes,no,no,no,,,manager,,responde sem erro de servidor; recusa quem a classe não autoriza,422 recusou o corpo incompleto,recusada pelo schema antes do handler,PASS,docs/execution/TEST_EVIDENCE.md
get_v1_signed-agreements_agreement_id,GET,/v1/signed-agreements/{agreement_id},organizacao,no,no,yes,yes,yes,yes,yes,yes,yes,yes,no,rls,n/a,404,no,no,no,no,no,,,viewer,,responde sem erro de servidor; recusa quem a classe não autoriza,404 não encontrou o objeto inexistente informado,handler executado,PASS,docs/execution/TEST_EVIDENCE.md
patch_v1_signed-agreements_agreement_id,PATCH,/v1/signed-agreements/{agreement_id},organizacao_por_papel,no,no,no,no,no,yes,yes,yes,role,role,no,rls,schema_422,404,no,yes,no,no,no,,,manager,,responde sem erro de servidor; recusa quem a classe não autoriza,422 recusou o corpo incompleto,recusada pelo schema antes do handler,PASS,docs/execution/TEST_EVIDENCE.md
get_v1_signed-agreements_agreement_id_allocation,GET,/v1/signed-agreements/{agreement_id}/allocation,organizacao,no,no,yes,yes,yes,yes,yes,yes,yes,yes,no,rls,n/a,404,no,no,no,no,no,,,viewer,,responde sem erro de servidor; recusa quem a classe não autoriza,404 não encontrou o objeto inexistente informado,handler executado,PASS,docs/execution/TEST_EVIDENCE.md
post_v1_signed-agreements_agreement_id_cancel,POST,/v1/signed-agreements/{agreement_id}/cancel,organizacao_por_papel,no,no,no,no,no,no,no,yes,role,role,no,rls,schema_422,404,no,yes,no,no,no,,,owner,,responde sem erro de servidor; recusa quem a classe não autoriza,422 recusou o corpo incompleto,recusada pelo schema antes do handler,PASS,docs/execution/TEST_EVIDENCE.md
post_v1_signed-agreements_agreement_id_decline,POST,/v1/signed-agreements/{agreement_id}/decline,organizacao_por_papel,no,no,no,no,no,no,no,yes,role,role,no,rls,schema_422,404,no,yes,no,no,no,,,owner,,responde sem erro de servidor; recusa quem a classe não autoriza,422 recusou o corpo incompleto,recusada pelo schema antes do handler,PASS,docs/execution/TEST_EVIDENCE.md
post_v1_signed-agreements_agreement_id_milestones,POST,/v1/signed-agreements/{agreement_id}/milestones,organizacao_por_papel,no,no,no,no,no,yes,yes,yes,role,role,no,rls,schema_422,404,no,yes,no,no,no,,,manager,,responde sem erro de servidor; recusa quem a classe não autoriza,422 recusou o corpo incompleto,recusada pelo schema antes do handler,PASS,docs/execution/TEST_EVIDENCE.md
patch_v1_signed-agreements_agreement_id_milestones_milestone_id,PATCH,/v1/signed-agreements/{agreement_id}/milestones/{milestone_id},organizacao_por_papel,no,no,no,no,no,yes,yes,yes,role,role,no,rls,schema_422,404,no,yes,yes,no,no,,,manager,,responde sem erro de servidor; recusa quem a classe não autoriza,422 recusou o corpo incompleto,recusada pelo schema antes do handler,PASS,docs/execution/TEST_EVIDENCE.md
post_v1_signed-agreements_agreement_id_new-version,POST,/v1/signed-agreements/{agreement_id}/new-version,organizacao_por_papel,no,no,no,no,no,yes,yes,yes,role,role,no,rls,schema_422,404,no,yes,no,no,no,,,manager,,responde sem erro de servidor; recusa quem a classe não autoriza,422 recusou o corpo incompleto,recusada pelo schema antes do handler,PASS,docs/execution/TEST_EVIDENCE.md
post_v1_signed-agreements_agreement_id_parties,POST,/v1/signed-agreements/{agreement_id}/parties,organizacao_por_papel,no,no,no,no,no,yes,yes,yes,role,role,no,rls,schema_422,404,no,yes,no,no,no,,,manager,,responde sem erro de servidor; recusa quem a classe não autoriza,422 recusou o corpo incompleto,recusada pelo schema antes do handler,PASS,docs/execution/TEST_EVIDENCE.md
put_v1_signed-agreements_agreement_id_parties_party_id_pix,PUT,/v1/signed-agreements/{agreement_id}/parties/{party_id}/pix,organizacao_por_papel,no,no,no,no,no,no,no,yes,role,role,no,rls,schema_422,404,no,yes,no,no,no,,,owner,,responde sem erro de servidor; recusa quem a classe não autoriza,422 recusou o corpo incompleto,recusada pelo schema antes do handler,PASS,docs/execution/TEST_EVIDENCE.md
get_v1_signed-agreements_agreement_id_payouts,GET,/v1/signed-agreements/{agreement_id}/payouts,organizacao,no,no,yes,yes,yes,yes,yes,yes,yes,yes,no,rls,n/a,404,no,no,no,no,no,,,viewer,,responde sem erro de servidor; recusa quem a classe não autoriza,404 não encontrou o objeto inexistente informado,handler executado,PASS,docs/execution/TEST_EVIDENCE.md
post_v1_signed-agreements_agreement_id_publish,POST,/v1/signed-agreements/{agreement_id}/publish,organizacao_por_papel,no,no,no,no,no,yes,yes,yes,role,role,no,rls,n/a,404,no,yes,no,no,no,,,manager,,responde sem erro de servidor; recusa quem a classe não autoriza,404 não encontrou o objeto inexistente informado,handler executado,PASS,docs/execution/TEST_EVIDENCE.md
post_v1_signed-agreements_agreement_id_sign,POST,/v1/signed-agreements/{agreement_id}/sign,organizacao_por_papel,no,no,no,no,no,no,no,yes,role,role,no,rls,schema_422,404,30/3600s,yes,no,no,no,,,owner,,responde sem erro de servidor; recusa quem a classe não autoriza,422 recusou o corpo incompleto,recusada pelo schema antes do handler,PASS,docs/execution/TEST_EVIDENCE.md
get_v1_signed-agreements_agreement_id_value,GET,/v1/signed-agreements/{agreement_id}/value,organizacao,no,no,yes,yes,yes,yes,yes,yes,yes,yes,no,rls,n/a,404,no,no,no,no,no,,,viewer,,responde sem erro de servidor; recusa quem a classe não autoriza,404 não encontrou o objeto inexistente informado,handler executado,PASS,docs/execution/TEST_EVIDENCE.md
get_v1_similarity_analyses,GET,/v1/similarity/analyses,organizacao,no,no,yes,yes,yes,yes,yes,yes,yes,yes,no,rls,schema_422,n/a,no,no,no,no,no,,,viewer,,responde sem erro de servidor; recusa quem a classe não autoriza,200 respondeu,handler executado,PASS,docs/execution/TEST_EVIDENCE.md
get_v1_similarity_analyses_analysis_id,GET,/v1/similarity/analyses/{analysis_id},organizacao,no,no,yes,yes,yes,yes,yes,yes,yes,yes,no,rls,n/a,404,no,no,no,no,no,,,viewer,,responde sem erro de servidor; recusa quem a classe não autoriza,404 não encontrou o objeto inexistente informado,handler executado,PASS,docs/execution/TEST_EVIDENCE.md
post_v1_similarity_analyses_analysis_id_dispute,POST,/v1/similarity/analyses/{analysis_id}/dispute,organizacao_por_papel,no,no,no,yes,yes,yes,yes,yes,role,role,no,rls,schema_422,404,60/3600s,no,no,no,no,,,member,,responde sem erro de servidor; recusa quem a classe não autoriza,422 recusou o corpo incompleto,recusada pelo schema antes do handler,PASS,docs/execution/TEST_EVIDENCE.md
get_v1_solution-intents_mine,GET,/v1/solution-intents/mine,organizacao,no,no,yes,yes,yes,yes,yes,yes,yes,yes,no,rls,schema_422,n/a,no,no,no,no,no,,,viewer,,responde sem erro de servidor; recusa quem a classe não autoriza,200 respondeu,handler executado,PASS,docs/execution/TEST_EVIDENCE.md
post_v1_solution-intents_intent_id_stage,POST,/v1/solution-intents/{intent_id}/stage,organizacao_tipo_e_papel,no,no,kind,kind,kind,kind,kind,kind,kind,kind,no,rls,schema_422,404,no,yes,no,no,no,,,admin,osc|individual|company|government|provider,responde sem erro de servidor; recusa quem a classe não autoriza,422 recusou o corpo incompleto,recusada pelo schema antes do handler,PASS,docs/execution/TEST_EVIDENCE.md
get_v1_solution-replications_mine,GET,/v1/solution-replications/mine,organizacao,no,no,yes,yes,yes,yes,yes,yes,yes,yes,no,rls,schema_422,n/a,no,no,no,no,no,,,viewer,,responde sem erro de servidor; recusa quem a classe não autoriza,200 respondeu,handler executado,PASS,docs/execution/TEST_EVIDENCE.md
patch_v1_solution-replications_replication_id,PATCH,/v1/solution-replications/{replication_id},organizacao_por_papel,no,no,no,yes,yes,yes,yes,yes,role,role,no,rls,schema_422,404,no,no,no,no,no,,,member,,responde sem erro de servidor; recusa quem a classe não autoriza,422 recusou o corpo incompleto,handler executado,PASS,docs/execution/TEST_EVIDENCE.md
post_v1_solution-replications_replication_id_confirm,POST,/v1/solution-replications/{replication_id}/confirm,organizacao_tipo_e_papel,no,no,kind,kind,kind,kind,kind,kind,kind,kind,no,rls,n/a,404,no,yes,no,no,no,,,admin,osc|individual|company|government|provider,responde sem erro de servidor; recusa quem a classe não autoriza,404 não encontrou o objeto inexistente informado,handler executado,PASS,docs/execution/TEST_EVIDENCE.md
get_v1_solution-requests_received,GET,/v1/solution-requests/received,organizacao,no,no,yes,yes,yes,yes,yes,yes,yes,yes,no,rls,schema_422,n/a,no,no,no,no,no,,,viewer,,responde sem erro de servidor; recusa quem a classe não autoriza,200 respondeu,handler executado,PASS,docs/execution/TEST_EVIDENCE.md
get_v1_solution-requests_sent,GET,/v1/solution-requests/sent,organizacao,no,no,yes,yes,yes,yes,yes,yes,yes,yes,no,rls,schema_422,n/a,no,no,no,no,no,,,viewer,,responde sem erro de servidor; recusa quem a classe não autoriza,200 respondeu,handler executado,PASS,docs/execution/TEST_EVIDENCE.md
post_v1_solution-requests_request_id_close,POST,/v1/solution-requests/{request_id}/close,organizacao_por_papel,no,no,no,yes,yes,yes,yes,yes,role,role,no,rls,n/a,404,no,no,no,no,no,,,member,,responde sem erro de servidor; recusa quem a classe não autoriza,404 não encontrou o objeto inexistente informado,handler executado,PASS,docs/execution/TEST_EVIDENCE.md
post_v1_solution-requests_request_id_respond,POST,/v1/solution-requests/{request_id}/respond,organizacao_tipo_e_papel,no,no,kind,kind,kind,kind,kind,kind,kind,kind,no,rls,schema_422,404,no,yes,no,no,no,,,member,osc|individual|company|government|provider,responde sem erro de servidor; recusa quem a classe não autoriza,422 recusou o corpo incompleto,recusada pelo schema antes do handler,PASS,docs/execution/TEST_EVIDENCE.md
post_v1_solutions,POST,/v1/solutions,organizacao_tipo_e_papel,no,no,kind,kind,kind,kind,kind,kind,kind,kind,no,rls,schema_422,n/a,no,yes,no,no,no,,,member,osc|individual|company|government|provider,responde sem erro de servidor; recusa quem a classe não autoriza,422 recusou o corpo incompleto,recusada pelo schema antes do handler,PASS,docs/execution/TEST_EVIDENCE.md
get_v1_solutions_aggregates,GET,/v1/solutions/aggregates,organizacao,no,no,yes,yes,yes,yes,yes,yes,yes,yes,no,rls,n/a,n/a,no,no,no,no,no,,,viewer,,responde sem erro de servidor; recusa quem a classe não autoriza,200 respondeu,handler executado,PASS,docs/execution/TEST_EVIDENCE.md
post_v1_solutions_assistant,POST,/v1/solutions/assistant,organizacao,no,no,yes,yes,yes,yes,yes,yes,yes,yes,no,rls,schema_422,n/a,120/600s,no,no,no,no,,,viewer,,responde sem erro de servidor; recusa quem a classe não autoriza,422 recusou o corpo incompleto,recusada pelo schema antes do handler,PASS,docs/execution/TEST_EVIDENCE.md
get_v1_solutions_combinations,GET,/v1/solutions/combinations,organizacao,no,no,yes,yes,yes,yes,yes,yes,yes,yes,no,rls,schema_422,n/a,no,no,no,no,no,,,viewer,,responde sem erro de servidor; recusa quem a classe não autoriza,200 respondeu,handler executado,PASS,docs/execution/TEST_EVIDENCE.md
post_v1_solutions_combine,POST,/v1/solutions/combine,organizacao_tipo_e_papel,no,no,kind,kind,kind,kind,kind,kind,kind,kind,no,rls,schema_422,n/a,no,no,no,no,no,,,member,osc|individual|company|government|provider,responde sem erro de servidor; recusa quem a classe não autoriza,422 recusou o corpo incompleto,recusada pelo schema antes do handler,PASS,docs/execution/TEST_EVIDENCE.md
post_v1_solutions_compare,POST,/v1/solutions/compare,organizacao,no,no,yes,yes,yes,yes,yes,yes,yes,yes,no,rls,schema_422,n/a,no,no,no,no,no,,,viewer,,responde sem erro de servidor; recusa quem a classe não autoriza,422 recusou o corpo incompleto,recusada pelo schema antes do handler,PASS,docs/execution/TEST_EVIDENCE.md
get_v1_solutions_funder-preferences,GET,/v1/solutions/funder-preferences,organizacao,no,no,yes,yes,yes,yes,yes,yes,yes,yes,no,rls,n/a,n/a,no,no,no,no,no,,,viewer,,responde sem erro de servidor; recusa quem a classe não autoriza,200 respondeu,handler executado,PASS,docs/execution/TEST_EVIDENCE.md
put_v1_solutions_funder-preferences,PUT,/v1/solutions/funder-preferences,organizacao_tipo_e_papel,no,no,kind,kind,kind,kind,kind,kind,kind,kind,no,rls,schema_422,n/a,no,yes,no,no,no,,,admin,company|government|individual,responde sem erro de servidor; recusa quem a classe não autoriza,200 respondeu,handler executado,PASS,docs/execution/TEST_EVIDENCE.md
post_v1_solutions_intent_parse,POST,/v1/solutions/intent/parse,organizacao,no,no,yes,yes,yes,yes,yes,yes,yes,yes,no,rls,schema_422,n/a,120/600s,no,no,no,no,,,viewer,,responde sem erro de servidor; recusa quem a classe não autoriza,422 recusou o corpo incompleto,recusada pelo schema antes do handler,PASS,docs/execution/TEST_EVIDENCE.md
get_v1_solutions_mine,GET,/v1/solutions/mine,organizacao,no,no,yes,yes,yes,yes,yes,yes,yes,yes,no,rls,schema_422,n/a,no,no,no,no,no,,,viewer,,responde sem erro de servidor; recusa quem a classe não autoriza,200 respondeu,handler executado,PASS,docs/execution/TEST_EVIDENCE.md
put_v1_solutions_personalization,PUT,/v1/solutions/personalization,organizacao,no,no,yes,yes,yes,yes,yes,yes,yes,yes,no,rls,schema_422,n/a,no,no,no,no,no,,,viewer,,responde sem erro de servidor; recusa quem a classe não autoriza,422 recusou o corpo incompleto,recusada pelo schema antes do handler,PASS,docs/execution/TEST_EVIDENCE.md
get_v1_solutions_recommendations,GET,/v1/solutions/recommendations,organizacao,no,no,yes,yes,yes,yes,yes,yes,yes,yes,no,rls,n/a,n/a,no,no,no,no,no,,,viewer,,responde sem erro de servidor; recusa quem a classe não autoriza,200 respondeu,handler executado,PASS,docs/execution/TEST_EVIDENCE.md
get_v1_solutions_saved,GET,/v1/solutions/saved,organizacao,no,no,yes,yes,yes,yes,yes,yes,yes,yes,no,rls,schema_422,n/a,no,no,no,no,no,,,viewer,,responde sem erro de servidor; recusa quem a classe não autoriza,200 respondeu,handler executado,PASS,docs/execution/TEST_EVIDENCE.md
post_v1_solutions_search,POST,/v1/solutions/search,organizacao,no,no,yes,yes,yes,yes,yes,yes,yes,yes,no,rls,schema_422,n/a,120/600s,no,no,no,no,,,viewer,,responde sem erro de servidor; recusa quem a classe não autoriza,200 respondeu,handler executado,PASS,docs/execution/TEST_EVIDENCE.md
get_v1_solutions_vocabulary,GET,/v1/solutions/vocabulary,organizacao,no,no,yes,yes,yes,yes,yes,yes,yes,yes,no,rls,n/a,n/a,no,no,no,no,no,,,viewer,,responde sem erro de servidor; recusa quem a classe não autoriza,200 respondeu,handler executado,PASS,docs/execution/TEST_EVIDENCE.md
delete_v1_solutions_solution_id,DELETE,/v1/solutions/{solution_id},organizacao_tipo_e_papel,no,no,kind,kind,kind,kind,kind,kind,kind,kind,no,rls,n/a,404,no,yes,no,no,no,,,admin,osc|individual|company|government|provider,responde sem erro de servidor; recusa quem a classe não autoriza,409 recusou pelo estado atual,handler executado,PASS,docs/execution/TEST_EVIDENCE.md
get_v1_solutions_solution_id,GET,/v1/solutions/{solution_id},organizacao,no,no,yes,yes,yes,yes,yes,yes,yes,yes,no,rls,n/a,404,no,no,no,no,no,,,viewer,,responde sem erro de servidor; recusa quem a classe não autoriza,200 respondeu,handler executado,PASS,docs/execution/TEST_EVIDENCE.md
patch_v1_solutions_solution_id,PATCH,/v1/solutions/{solution_id},organizacao_tipo_e_papel,no,no,kind,kind,kind,kind,kind,kind,kind,kind,no,rls,schema_422,404,no,yes,no,no,no,,,member,osc|individual|company|government|provider,responde sem erro de servidor; recusa quem a classe não autoriza,422 recusou o corpo incompleto,handler executado,PASS,docs/execution/TEST_EVIDENCE.md
post_v1_solutions_solution_id_adapt,POST,/v1/solutions/{solution_id}/adapt,organizacao_por_papel,no,no,no,yes,yes,yes,yes,yes,role,role,no,rls,schema_422,404,no,no,no,no,no,,,member,,responde sem erro de servidor; recusa quem a classe não autoriza,403 recusou o acesso,handler executado,PASS,docs/execution/TEST_EVIDENCE.md
get_v1_solutions_solution_id_adaptations,GET,/v1/solutions/{solution_id}/adaptations,organizacao,no,no,yes,yes,yes,yes,yes,yes,yes,yes,no,rls,n/a,404,no,no,no,no,no,,,viewer,,responde sem erro de servidor; recusa quem a classe não autoriza,200 respondeu,handler executado,PASS,docs/execution/TEST_EVIDENCE.md
post_v1_solutions_solution_id_archive,POST,/v1/solutions/{solution_id}/archive,organizacao_tipo_e_papel,no,no,kind,kind,kind,kind,kind,kind,kind,kind,no,rls,n/a,404,no,yes,no,no,no,,,admin,osc|individual|company|government|provider,responde sem erro de servidor; recusa quem a classe não autoriza,200 respondeu,handler executado,PASS,docs/execution/TEST_EVIDENCE.md
post_v1_solutions_solution_id_confirm-review,POST,/v1/solutions/{solution_id}/confirm-review,organizacao_tipo_e_papel,no,no,kind,kind,kind,kind,kind,kind,kind,kind,no,rls,n/a,404,no,yes,no,no,no,,,member,osc|individual|company|government|provider,responde sem erro de servidor; recusa quem a classe não autoriza,409 recusou pelo estado atual,handler executado,PASS,docs/execution/TEST_EVIDENCE.md
post_v1_solutions_solution_id_develop,POST,/v1/solutions/{solution_id}/develop,organizacao_tipo_e_papel,no,no,kind,kind,kind,kind,kind,kind,kind,kind,no,rls,n/a,404,no,yes,no,no,no,,,member,osc|individual|company|government|provider,responde sem erro de servidor; recusa quem a classe não autoriza,201 criou,handler executado,PASS,docs/execution/TEST_EVIDENCE.md
post_v1_solutions_solution_id_disputes,POST,/v1/solutions/{solution_id}/disputes,organizacao_por_papel,no,no,no,yes,yes,yes,yes,yes,role,role,no,rls,schema_422,404,10/3600s,no,no,no,no,,,member,,responde sem erro de servidor; recusa quem a classe não autoriza,422 recusou o corpo incompleto,recusada pelo schema antes do handler,PASS,docs/execution/TEST_EVIDENCE.md
post_v1_solutions_solution_id_events,POST,/v1/solutions/{solution_id}/events,organizacao,no,no,yes,yes,yes,yes,yes,yes,yes,yes,no,rls,schema_422,404,no,no,no,no,no,,,viewer,,responde sem erro de servidor; recusa quem a classe não autoriza,422 recusou o corpo incompleto,recusada pelo schema antes do handler,PASS,docs/execution/TEST_EVIDENCE.md
post_v1_solutions_solution_id_evidence,POST,/v1/solutions/{solution_id}/evidence,organizacao_tipo_e_papel,no,no,kind,kind,kind,kind,kind,kind,kind,kind,no,rls,schema_422,404,no,yes,no,no,no,,,member,osc|individual|company|government|provider,responde sem erro de servidor; recusa quem a classe não autoriza,422 recusou o corpo incompleto,recusada pelo schema antes do handler,PASS,docs/execution/TEST_EVIDENCE.md
get_v1_solutions_solution_id_funnel,GET,/v1/solutions/{solution_id}/funnel,organizacao,no,no,yes,yes,yes,yes,yes,yes,yes,yes,no,rls,n/a,404,no,no,no,no,no,,,viewer,,responde sem erro de servidor; recusa quem a classe não autoriza,200 respondeu,handler executado,PASS,docs/execution/TEST_EVIDENCE.md
delete_v1_solutions_solution_id_intent,DELETE,/v1/solutions/{solution_id}/intent,organizacao_por_papel,no,no,no,yes,yes,yes,yes,yes,role,role,no,rls,n/a,404,no,no,no,no,no,,,member,,responde sem erro de servidor; recusa quem a classe não autoriza,204 respondeu sem corpo,handler executado,PASS,docs/execution/TEST_EVIDENCE.md
put_v1_solutions_solution_id_intent,PUT,/v1/solutions/{solution_id}/intent,organizacao_por_papel,no,no,no,yes,yes,yes,yes,yes,role,role,no,rls,schema_422,404,no,no,no,no,no,,,member,,responde sem erro de servidor; recusa quem a classe não autoriza,404 não encontrou o objeto inexistente informado,handler executado,PASS,docs/execution/TEST_EVIDENCE.md
get_v1_solutions_solution_id_intents,GET,/v1/solutions/{solution_id}/intents,organizacao_tipo_e_papel,no,no,kind,kind,kind,kind,kind,kind,kind,kind,no,rls,n/a,404,no,no,no,no,no,,,viewer,osc|individual|company|government|provider,responde sem erro de servidor; recusa quem a classe não autoriza,200 respondeu,handler executado,PASS,docs/execution/TEST_EVIDENCE.md
post_v1_solutions_solution_id_match,POST,/v1/solutions/{solution_id}/match,organizacao,no,no,yes,yes,yes,yes,yes,yes,yes,yes,no,rls,n/a,404,no,no,no,no,no,,,viewer,,responde sem erro de servidor; recusa quem a classe não autoriza,409 recusou pelo estado atual,handler executado,PASS,docs/execution/TEST_EVIDENCE.md
get_v1_solutions_solution_id_network,GET,/v1/solutions/{solution_id}/network,organizacao,no,no,yes,yes,yes,yes,yes,yes,yes,yes,no,rls,n/a,404,no,no,no,no,no,,,viewer,,responde sem erro de servidor; recusa quem a classe não autoriza,200 respondeu,handler executado,PASS,docs/execution/TEST_EVIDENCE.md
put_v1_solutions_solution_id_people,PUT,/v1/solutions/{solution_id}/people,organizacao_tipo_e_papel,no,no,kind,kind,kind,kind,kind,kind,kind,kind,no,rls,schema_422,404,no,yes,no,no,no,,,member,osc|individual|company|government|provider,responde sem erro de servidor; recusa quem a classe não autoriza,422 recusou o corpo incompleto,recusada pelo schema antes do handler,PASS,docs/execution/TEST_EVIDENCE.md
post_v1_solutions_solution_id_publish,POST,/v1/solutions/{solution_id}/publish,organizacao_tipo_e_papel,no,no,kind,kind,kind,kind,kind,kind,kind,kind,no,rls,n/a,404,no,yes,no,no,no,,,admin,osc|individual|company|government|provider,responde sem erro de servidor; recusa quem a classe não autoriza,422 recusou o corpo incompleto,handler executado,PASS,docs/execution/TEST_EVIDENCE.md
post_v1_solutions_solution_id_relationships,POST,/v1/solutions/{solution_id}/relationships,organizacao_tipo_e_papel,no,no,kind,kind,kind,kind,kind,kind,kind,kind,no,rls,schema_422,404,no,no,no,no,no,,,member,osc|individual|company|government|provider,responde sem erro de servidor; recusa quem a classe não autoriza,422 recusou o corpo incompleto,recusada pelo schema antes do handler,PASS,docs/execution/TEST_EVIDENCE.md
put_v1_solutions_solution_id_replication-profile,PUT,/v1/solutions/{solution_id}/replication-profile,organizacao_tipo_e_papel,no,no,kind,kind,kind,kind,kind,kind,kind,kind,no,rls,schema_422,404,no,yes,no,no,no,,,member,osc|individual|company|government|provider,responde sem erro de servidor; recusa quem a classe não autoriza,200 respondeu,handler executado,PASS,docs/execution/TEST_EVIDENCE.md
post_v1_solutions_solution_id_replications,POST,/v1/solutions/{solution_id}/replications,organizacao_por_papel,no,no,no,yes,yes,yes,yes,yes,role,role,no,rls,schema_422,404,no,no,no,no,no,,,member,,responde sem erro de servidor; recusa quem a classe não autoriza,422 recusou o corpo incompleto,recusada pelo schema antes do handler,PASS,docs/execution/TEST_EVIDENCE.md
post_v1_solutions_solution_id_request-review,POST,/v1/solutions/{solution_id}/request-review,organizacao_tipo_e_papel,no,no,kind,kind,kind,kind,kind,kind,kind,kind,no,rls,n/a,404,no,yes,no,no,no,,,admin,osc|individual|company|government|provider,responde sem erro de servidor; recusa quem a classe não autoriza,409 recusou pelo estado atual,handler executado,PASS,docs/execution/TEST_EVIDENCE.md
post_v1_solutions_solution_id_requests,POST,/v1/solutions/{solution_id}/requests,organizacao_por_papel,no,no,no,yes,yes,yes,yes,yes,role,role,no,rls,schema_422,404,30/3600s,yes,no,no,no,,,member,,responde sem erro de servidor; recusa quem a classe não autoriza,422 recusou o corpo incompleto,recusada pelo schema antes do handler,PASS,docs/execution/TEST_EVIDENCE.md
post_v1_solutions_solution_id_results,POST,/v1/solutions/{solution_id}/results,organizacao_tipo_e_papel,no,no,kind,kind,kind,kind,kind,kind,kind,kind,no,rls,schema_422,404,no,yes,no,no,no,,,member,osc|individual|company|government|provider,responde sem erro de servidor; recusa quem a classe não autoriza,422 recusou o corpo incompleto,recusada pelo schema antes do handler,PASS,docs/execution/TEST_EVIDENCE.md
post_v1_solutions_solution_id_reviews,POST,/v1/solutions/{solution_id}/reviews,organizacao_por_papel,no,no,no,yes,yes,yes,yes,yes,role,role,no,rls,schema_422,404,no,no,no,no,no,,,member,,responde sem erro de servidor; recusa quem a classe não autoriza,422 recusou o corpo incompleto,recusada pelo schema antes do handler,PASS,docs/execution/TEST_EVIDENCE.md
delete_v1_solutions_solution_id_save,DELETE,/v1/solutions/{solution_id}/save,organizacao,no,no,yes,yes,yes,yes,yes,yes,yes,yes,no,rls,n/a,404,no,no,no,no,no,,,viewer,,responde sem erro de servidor; recusa quem a classe não autoriza,204 respondeu sem corpo,handler executado,PASS,docs/execution/TEST_EVIDENCE.md
put_v1_solutions_solution_id_save,PUT,/v1/solutions/{solution_id}/save,organizacao,no,no,yes,yes,yes,yes,yes,yes,yes,yes,no,rls,n/a,404,no,no,no,no,no,,,viewer,,responde sem erro de servidor; recusa quem a classe não autoriza,404 não encontrou o objeto inexistente informado,handler executado,PASS,docs/execution/TEST_EVIDENCE.md
get_v1_solutions_solution_id_similar,GET,/v1/solutions/{solution_id}/similar,organizacao,no,no,yes,yes,yes,yes,yes,yes,yes,yes,no,rls,n/a,404,no,no,no,no,no,,,viewer,,responde sem erro de servidor; recusa quem a classe não autoriza,200 respondeu,handler executado,PASS,docs/execution/TEST_EVIDENCE.md
get_v1_solutions_solution_id_versions,GET,/v1/solutions/{solution_id}/versions,organizacao,no,no,yes,yes,yes,yes,yes,yes,yes,yes,no,rls,n/a,404,no,no,no,no,no,,,viewer,,responde sem erro de servidor; recusa quem a classe não autoriza,200 respondeu,handler executado,PASS,docs/execution/TEST_EVIDENCE.md
post_v1_statements,POST,/v1/statements,organizacao_tipo_e_papel,no,no,kind,kind,kind,kind,kind,kind,kind,kind,no,rls,schema_422,n/a,no,yes,no,no,no,,,manager,osc,responde sem erro de servidor; recusa quem a classe não autoriza,422 recusou o corpo incompleto,recusada pelo schema antes do handler,PASS,docs/execution/TEST_EVIDENCE.md
get_v1_statements_lines,GET,/v1/statements/lines,organizacao_tipo_e_papel,no,no,kind,kind,kind,kind,kind,kind,kind,kind,no,rls,schema_422,n/a,no,no,no,no,no,,,viewer,osc,responde sem erro de servidor; recusa quem a classe não autoriza,200 respondeu,handler executado,PASS,docs/execution/TEST_EVIDENCE.md
post_v1_statements_reconcile,POST,/v1/statements/reconcile,organizacao_tipo_e_papel,no,no,kind,kind,kind,kind,kind,kind,kind,kind,no,rls,n/a,n/a,no,no,no,no,no,,,manager,osc,responde sem erro de servidor; recusa quem a classe não autoriza,200 respondeu,handler executado,PASS,docs/execution/TEST_EVIDENCE.md
get_v1_suppliers,GET,/v1/suppliers,organizacao_tipo_e_papel,no,no,kind,kind,kind,kind,kind,kind,kind,kind,no,rls,schema_422,n/a,no,no,no,no,no,,,viewer,osc,responde sem erro de servidor; recusa quem a classe não autoriza,200 respondeu,handler executado,PASS,docs/execution/TEST_EVIDENCE.md
post_v1_suppliers,POST,/v1/suppliers,organizacao_tipo_e_papel,no,no,kind,kind,kind,kind,kind,kind,kind,kind,no,rls,schema_422,n/a,no,no,no,no,no,,,member,osc,responde sem erro de servidor; recusa quem a classe não autoriza,422 recusou o corpo incompleto,recusada pelo schema antes do handler,PASS,docs/execution/TEST_EVIDENCE.md
get_v1_support_tickets,GET,/v1/support/tickets,usuario_sem_organizacao,no,yes,yes,yes,yes,yes,yes,yes,yes,yes,no,system,schema_422,n/a,no,no,no,no,no,,,,,responde sem erro de servidor; recusa quem a classe não autoriza,200 respondeu,handler executado,PASS,docs/execution/TEST_EVIDENCE.md
post_v1_support_tickets,POST,/v1/support/tickets,usuario_sem_organizacao,no,yes,yes,yes,yes,yes,yes,yes,yes,yes,no,system,schema_422,n/a,30/3600s,yes,no,no,no,,,,,responde sem erro de servidor; recusa quem a classe não autoriza,422 recusou o corpo incompleto,recusada pelo schema antes do handler,PASS,docs/execution/TEST_EVIDENCE.md
get_v1_support_tickets_ticket_id,GET,/v1/support/tickets/{ticket_id},usuario_sem_organizacao,no,yes,yes,yes,yes,yes,yes,yes,yes,yes,no,system,n/a,404,no,no,no,no,no,,,,,responde sem erro de servidor; recusa quem a classe não autoriza,404 não encontrou o objeto inexistente informado,handler executado,PASS,docs/execution/TEST_EVIDENCE.md
post_v1_support_tickets_ticket_id_close,POST,/v1/support/tickets/{ticket_id}/close,usuario_sem_organizacao,no,yes,yes,yes,yes,yes,yes,yes,yes,yes,no,system,n/a,404,no,no,no,no,no,,,,,responde sem erro de servidor; recusa quem a classe não autoriza,404 não encontrou o objeto inexistente informado,handler executado,PASS,docs/execution/TEST_EVIDENCE.md
post_v1_support_tickets_ticket_id_messages,POST,/v1/support/tickets/{ticket_id}/messages,usuario_sem_organizacao,no,yes,yes,yes,yes,yes,yes,yes,yes,yes,no,system,schema_422,404,120/3600s,no,no,no,no,,,,,responde sem erro de servidor; recusa quem a classe não autoriza,422 recusou o corpo incompleto,recusada pelo schema antes do handler,PASS,docs/execution/TEST_EVIDENCE.md
post_v1_support_tickets_ticket_id_rate,POST,/v1/support/tickets/{ticket_id}/rate,usuario_sem_organizacao,no,yes,yes,yes,yes,yes,yes,yes,yes,yes,no,system,schema_422,404,no,no,no,no,no,,,,,responde sem erro de servidor; recusa quem a classe não autoriza,422 recusou o corpo incompleto,recusada pelo schema antes do handler,PASS,docs/execution/TEST_EVIDENCE.md
get_v1_taxonomies,GET,/v1/taxonomies,usuario_sem_organizacao,no,yes,yes,yes,yes,yes,yes,yes,yes,yes,no,system,schema_422,n/a,no,no,no,no,no,,,,,responde sem erro de servidor; recusa quem a classe não autoriza,200 respondeu,handler executado,PASS,docs/execution/TEST_EVIDENCE.md
get_v1_territorial-gap,GET,/v1/territorial-gap,organizacao,no,no,yes,yes,yes,yes,yes,yes,yes,yes,no,rls,schema_422,n/a,no,no,no,no,no,,,viewer,,responde sem erro de servidor; recusa quem a classe não autoriza,200 respondeu,handler executado,PASS,docs/execution/TEST_EVIDENCE.md
get_v1_territories_catalog-status,GET,/v1/territories/catalog-status,usuario_sem_organizacao,no,yes,yes,yes,yes,yes,yes,yes,yes,yes,no,system,n/a,n/a,no,no,no,no,no,,,,,responde sem erro de servidor; recusa quem a classe não autoriza,200 respondeu,handler executado,PASS,docs/execution/TEST_EVIDENCE.md
get_v1_territories_definitions,GET,/v1/territories/definitions,usuario_sem_organizacao,no,yes,yes,yes,yes,yes,yes,yes,yes,yes,no,system,n/a,n/a,no,no,no,no,no,,,,,responde sem erro de servidor; recusa quem a classe não autoriza,200 respondeu,handler executado,PASS,docs/execution/TEST_EVIDENCE.md
get_v1_territories_search,GET,/v1/territories/search,usuario_sem_organizacao,no,yes,yes,yes,yes,yes,yes,yes,yes,yes,no,system,schema_422,n/a,no,no,no,no,no,,,,,responde sem erro de servidor; recusa quem a classe não autoriza,422 recusou o corpo incompleto,recusada pelo schema antes do handler,PASS,docs/execution/TEST_EVIDENCE.md
get_v1_territories_code,GET,/v1/territories/{code},usuario_sem_organizacao,no,yes,yes,yes,yes,yes,yes,yes,yes,yes,no,system,n/a,404,no,no,no,no,no,,,,,responde sem erro de servidor; recusa quem a classe não autoriza,200 respondeu,handler executado,PASS,docs/execution/TEST_EVIDENCE.md
get_v1_territory_needs,GET,/v1/territory/needs,usuario_sem_organizacao,no,yes,yes,yes,yes,yes,yes,yes,yes,yes,no,system,schema_422,n/a,no,no,no,no,no,,,,,responde sem erro de servidor; recusa quem a classe não autoriza,200 respondeu,handler executado,PASS,docs/execution/TEST_EVIDENCE.md
post_v1_territory_needs,POST,/v1/territory/needs,organizacao_por_papel,no,no,no,yes,yes,yes,yes,yes,role,role,no,rls,schema_422,n/a,no,yes,no,no,no,,,member,,responde sem erro de servidor; recusa quem a classe não autoriza,422 recusou o corpo incompleto,recusada pelo schema antes do handler,PASS,docs/execution/TEST_EVIDENCE.md
get_v1_tesouraria_summary,GET,/v1/tesouraria/summary,plataforma_com_permissao,no,no,no,no,no,no,no,no,no,perm,yes,system,n/a,n/a,no,no,no,no,no,,treasury.read,,,responde sem erro de servidor; recusa quem a classe não autoriza,200 respondeu,handler executado,PASS,docs/execution/TEST_EVIDENCE.md
get_v1_trust_councils,GET,/v1/trust/councils,organizacao,no,no,yes,yes,yes,yes,yes,yes,yes,yes,no,rls,n/a,n/a,no,no,no,no,no,,,viewer,,responde sem erro de servidor; recusa quem a classe não autoriza,200 respondeu,handler executado,PASS,docs/execution/TEST_EVIDENCE.md
get_v1_trust_custody,GET,/v1/trust/custody,organizacao,no,no,yes,yes,yes,yes,yes,yes,yes,yes,no,rls,schema_422,n/a,no,no,no,no,no,,,viewer,,responde sem erro de servidor; recusa quem a classe não autoriza,422 recusou o corpo incompleto,recusada pelo schema antes do handler,PASS,docs/execution/TEST_EVIDENCE.md
get_v1_trust_identity,GET,/v1/trust/identity,usuario_sem_organizacao,no,yes,yes,yes,yes,yes,yes,yes,yes,yes,no,system,n/a,n/a,no,no,no,no,no,,,,,responde sem erro de servidor; recusa quem a classe não autoriza,200 respondeu,handler executado,PASS,docs/execution/TEST_EVIDENCE.md
post_v1_trust_identity_verifications,POST,/v1/trust/identity/verifications,usuario_sem_organizacao,no,yes,yes,yes,yes,yes,yes,yes,yes,yes,no,system,schema_422,n/a,10/3600s,yes,no,no,no,,,,,responde sem erro de servidor; recusa quem a classe não autoriza,422 recusou o corpo incompleto,recusada pelo schema antes do handler,PASS,docs/execution/TEST_EVIDENCE.md
post_v1_trust_identity_verifications_verification_id_documents,POST,/v1/trust/identity/verifications/{verification_id}/documents,usuario_sem_organizacao,no,yes,yes,yes,yes,yes,yes,yes,yes,yes,no,system,schema_422,404,no,yes,no,no,no,,,,,responde sem erro de servidor; recusa quem a classe não autoriza,422 recusou o corpo incompleto,recusada pelo schema antes do handler,PASS,docs/execution/TEST_EVIDENCE.md
get_v1_value_events,GET,/v1/value/events,organizacao,no,no,yes,yes,yes,yes,yes,yes,yes,yes,no,rls,schema_422,n/a,no,no,no,no,no,,,viewer,,responde sem erro de servidor; recusa quem a classe não autoriza,200 respondeu,handler executado,PASS,docs/execution/TEST_EVIDENCE.md
get_v1_value_summary,GET,/v1/value/summary,organizacao,no,no,yes,yes,yes,yes,yes,yes,yes,yes,no,rls,schema_422,n/a,no,no,no,no,no,,,viewer,,responde sem erro de servidor; recusa quem a classe não autoriza,200 respondeu,handler executado,PASS,docs/execution/TEST_EVIDENCE.md
get_v1_value_types,GET,/v1/value/types,usuario_sem_organizacao,no,yes,yes,yes,yes,yes,yes,yes,yes,yes,no,system,n/a,n/a,no,no,no,no,no,,,,,responde sem erro de servidor; recusa quem a classe não autoriza,200 respondeu,handler executado,PASS,docs/execution/TEST_EVIDENCE.md
get_v1_verifiable-records,GET,/v1/verifiable-records,organizacao,no,no,yes,yes,yes,yes,yes,yes,yes,yes,no,rls,schema_422,n/a,no,no,no,no,no,,,viewer,,responde sem erro de servidor; recusa quem a classe não autoriza,200 respondeu,handler executado,PASS,docs/execution/TEST_EVIDENCE.md
post_v1_verifiable-records,POST,/v1/verifiable-records,organizacao_por_papel,no,no,no,no,no,yes,yes,yes,role,role,no,rls,schema_422,n/a,120/3600s,yes,no,no,no,,,manager,,responde sem erro de servidor; recusa quem a classe não autoriza,422 recusou o corpo incompleto,recusada pelo schema antes do handler,PASS,docs/execution/TEST_EVIDENCE.md
get_v1_verifiable-records_record_id_qr,GET,/v1/verifiable-records/{record_id}/qr,organizacao,no,no,yes,yes,yes,yes,yes,yes,yes,yes,no,rls,n/a,404,no,no,no,no,no,,,viewer,,responde sem erro de servidor; recusa quem a classe não autoriza,404 não encontrou o objeto inexistente informado,handler executado,PASS,docs/execution/TEST_EVIDENCE.md
post_v1_verifiable-records_record_id_revoke,POST,/v1/verifiable-records/{record_id}/revoke,organizacao_por_papel,no,no,no,no,no,no,no,yes,role,role,no,rls,schema_422,404,no,yes,no,no,no,,,owner,,responde sem erro de servidor; recusa quem a classe não autoriza,422 recusou o corpo incompleto,recusada pelo schema antes do handler,PASS,docs/execution/TEST_EVIDENCE.md
post_v1_verifiable-records_record_id_timestamp,POST,/v1/verifiable-records/{record_id}/timestamp,organizacao_por_papel,no,no,no,no,no,yes,yes,yes,role,role,no,rls,n/a,404,no,yes,no,no,no,,,manager,,responde sem erro de servidor; recusa quem a classe não autoriza,404 não encontrou o objeto inexistente informado,handler executado,PASS,docs/execution/TEST_EVIDENCE.md
post_v1_vouchers_redeem,POST,/v1/vouchers/redeem,organizacao_por_papel,no,no,no,no,no,no,yes,yes,role,role,no,rls,schema_422,n/a,10/3600s,yes,no,no,no,,,admin,,responde sem erro de servidor; recusa quem a classe não autoriza,422 recusou o corpo incompleto,recusada pelo schema antes do handler,PASS,docs/execution/TEST_EVIDENCE.md
post_v1_webhooks_payments_provider,POST,/v1/webhooks/payments/{provider},publica,yes,yes,yes,yes,yes,yes,yes,yes,yes,yes,no,n/a,n/a,404,600/60s,no,no,no,yes,,,,,responde sem erro de servidor; recusa quem a classe não autoriza,404 não encontrou o objeto inexistente informado,handler executado,PASS,docs/execution/TEST_EVIDENCE.md
get_v1_workspace,GET,/v1/workspace,organizacao,no,no,yes,yes,yes,yes,yes,yes,yes,yes,no,rls,schema_422,n/a,no,no,no,no,no,,,viewer,,responde sem erro de servidor; recusa quem a classe não autoriza,200 respondeu,handler executado,PASS,docs/execution/TEST_EVIDENCE.md
get_v1_workspace_personas,GET,/v1/workspace/personas,usuario_sem_organizacao,no,yes,yes,yes,yes,yes,yes,yes,yes,yes,no,system,n/a,n/a,no,no,no,no,no,,,,,responde sem erro de servidor; recusa quem a classe não autoriza,200 respondeu,handler executado,PASS,docs/execution/TEST_EVIDENCE.md
post_v1_workspace_personas,POST,/v1/workspace/personas,organizacao_por_papel,no,no,no,no,no,no,yes,yes,role,role,no,rls,schema_422,n/a,no,yes,no,no,no,,,admin,,responde sem erro de servidor; recusa quem a classe não autoriza,422 recusou o corpo incompleto,recusada pelo schema antes do handler,PASS,docs/execution/TEST_EVIDENCE.md
delete_v1_workspace_personas_persona,DELETE,/v1/workspace/personas/{persona},organizacao_por_papel,no,no,no,no,no,no,yes,yes,role,role,no,rls,n/a,404,no,yes,no,no,no,,,admin,,responde sem erro de servidor; recusa quem a classe não autoriza,404 não encontrou o objeto inexistente informado,handler executado,PASS,docs/execution/TEST_EVIDENCE.md
